Workbook
Name _xlchart.v1.0: P2_Product_Calcs!$A$5:$A$8
Name _xlchart.v1.1: P2_Product_Calcs!$B$5:$B$8

Sheet RawData
A1: Date | B1: Order_ID | C1: Customer_ID | D1: Category | E1: SKU | F1: Units | G1: Net_Revenue | H1: Region | I1: Channel | J1: Year | K1: Month | L1: Week | M1: MonthName | N1: MonthName
A2: 45835 | B2: ORD-10000 | C2: CUST-567 | D2: Capsules (Original) | E2: Arpeggio | F2: 150 | G2: 67.5 | H2: Lazio | I2: Mobile App | J2: 2025 | K2: 6 | L2: 26 | M2: Jun
A3: 45822 | B3: ORD-10001 | C3: CUST-887 | D3: Accessories | E3: Aeroccino 4 | F3: 1 | G3: 87.12 | H3: Sicilia | I3: Nespresso Boutique Pick-up | J3: 2025 | K3: 6 | L3: 24 | M3: Jun
A4: 45991 | B4: ORD-10002 | C4: CUST-851 | D4: Capsules (Vertuo) | E4: Melozio | F4: 150 | G4: 97.5 | H4: Sicilia | I4: Mobile App | J4: 2025 | K4: 11 | L4: 48 | M4: Nov
A5: 45793 | B5: ORD-10003 | C5: CUST-415 | D5: Capsules (Vertuo) | E5: Stormio | F5: 150 | G5: 97.5 | H5: Veneto | I5: Mobile App | J5: 2025 | K5: 5 | L5: 20 | M5: May
A6: 45787 | B6: ORD-10004 | C6: CUST-592 | D6: Capsules (Original) | E6: Livanto | F6: 150 | G6: 67.5 | H6: Piemonte | I6: Mobile App | J6: 2025 | K6: 5 | L6: 19 | M6: May
A7: 46062 | B7: ORD-10005 | C7: CUST-187 | D7: Accessories | E7: Nomad Travel Mug | F7: 1 | G7: 30.68 | H7: Toscana | I7: Desktop | J7: 2026 | K7: 2 | L7: 7 | M7: Feb
A8: 45961 | B8: ORD-10006 | C8: CUST-783 | D8: Capsules (Original) | E8: Arpeggio | F8: 30 | G8: 13.5 | H8: Sicilia | I8: Desktop | J8: 2025 | K8: 10 | L8: 44 | M8: Oct
A9: 45697 | B9: ORD-10007 | C9: CUST-925 | D9: Machines | E9: Essenza Mini | F9: 1 | G9: 499 | H9: Toscana | I9: Mobile App | J9: 2025 | K9: 2 | L9: 6 | M9: Feb
A10: 45849 | B10: ORD-10008 | C10: CUST-586 | D10: Accessories | E10: Descaling Kit | F10: 2 | G10: 38.84 | H10: Piemonte | I10: Desktop | J10: 2025 | K10: 7 | L10: 28 | M10: Jul
A11: 45786 | B11: ORD-10009 | C11: CUST-705 | D11: Capsules (Vertuo) | E11: Melozio | F11: 100 | G11: 65 | H11: Sicilia | I11: Nespresso Boutique Pick-up | J11: 2025 | K11: 5 | L11: 19 | M11: May
A12: 45728 | B12: ORD-10010 | C12: CUST-425 | D12: Capsules (Original) | E12: Arpeggio | F12: 30 | G12: 13.5 | H12: Lombardia | I12: Desktop | J12: 2025 | K12: 3 | L12: 11 | M12: Mar
A13: 46028 | B13: ORD-10011 | C13: CUST-111 | D13: Machines | E13: Essenza Mini | F13: 1 | G13: 99 | H13: Lombardia | I13: Desktop | J13: 2026 | K13: 1 | L13: 2 | M13: Jan
... A501: 46018 | B501: ORD-10499 | C501: CUST-628 | D501: Accessories | E501: Nomad Travel Mug | F501: 2 | G501: 168.99 | H501: Toscana | I501: Desktop | J501: 2025 | K501: 12 | L501: 52 | M501: Dec
G503: 52213.6

Sheet P1_Revenue_Calcs
A1: 📊 PAGE 1 — REVENUE OVERVIEW | Calculation Tables
A3: TABLE 1 — Monthly Revenue (feeds Bar Chart)
A4: Month_Num | B4: Month_Name | C4: Year | D4: Date | E4: Total_Revenue (€) | F4: MoM_Rev_Prev (€) | G4: MoM_Growth_% | H4: Use For
A5: 1 | B5: Jan | C5: 2025 | D5: =DATE(C5,A5,1) -> 45658 | E5: =SUMPRODUCT((RawData!$K$2:$K$503=1)*(RawData!$J$2:$J$503=2025)*(RawData!$G$2:$G$503)) -> 3581.94 | F5: — | G5: — | H5: Bar Chart + Line Chart MoM
A6: 2 | B6: Feb | C6: 2025 | D6: =DATE(C6,A6,1) -> 45689 | E6: =SUMPRODUCT((RawData!$K$2:$K$503=2)*(RawData!$J$2:$J$503=2025)*(RawData!$G$2:$G$503)) -> 3065.65 | F6: =E5 -> 3581.94 | G6: =IFERROR((E6-E5)/E5,"") -> -0.14413698 | H6: Bar Chart + Line Chart MoM
A7: 3 | B7: Mar | C7: 2025 | D7: =DATE(C7,A7,1) -> 45717 | E7: =SUMPRODUCT((RawData!$K$2:$K$503=3)*(RawData!$J$2:$J$503=2025)*(RawData!$G$2:$G$503)) -> 5458.18 | F7: =E6 -> 3065.65 | G7: =IFERROR((E7-E6)/E6,"") -> 0.78043156 | H7: Bar Chart + Line Chart MoM
A8: 4 | B8: Apr | C8: 2025 | D8: =DATE(C8,A8,1) -> 45748 | E8: =SUMPRODUCT((RawData!$K$2:$K$503=4)*(RawData!$J$2:$J$503=2025)*(RawData!$G$2:$G$503)) -> 2657.85 | F8: =E7 -> 5458.18 | G8: =IFERROR((E8-E7)/E7,"") -> -0.51305197 | H8: Bar Chart + Line Chart MoM
A9: 5 | B9: May | C9: 2025 | D9: =DATE(C9,A9,1) -> 45778 | E9: =SUMPRODUCT((RawData!$K$2:$K$503=5)*(RawData!$J$2:$J$503=2025)*(RawData!$G$2:$G$503)) -> 3109.38 | F9: =E8 -> 2657.85 | G9: =IFERROR((E9-E8)/E8,"") -> 0.16988543 | H9: Bar Chart + Line Chart MoM
A10: 6 | B10: Jun | C10: 2025 | D10: =DATE(C10,A10,1) -> 45809 | E10: =SUMPRODUCT((RawData!$K$2:$K$503=6)*(RawData!$J$2:$J$503=2025)*(RawData!$G$2:$G$503)) -> 4945.61 | F10: =E9 -> 3109.38 | G10: =IFERROR((E10-E9)/E9,"") -> 0.59054538 | H10: Bar Chart + Line Chart MoM
A11: 7 | B11: Jul | C11: 2025 | D11: =DATE(C11,A11,1) -> 45839 | E11: =SUMPRODUCT((RawData!$K$2:$K$503=7)*(RawData!$J$2:$J$503=2025)*(RawData!$G$2:$G$503)) -> 4846.58 | F11: =E10 -> 4945.61 | G11: =IFERROR((E11-E10)/E10,"") -> -0.020023819 | H11: Bar Chart + Line Chart MoM
A12: 8 | B12: Aug | C12: 2025 | D12: =DATE(C12,A12,1) -> 45870 | E12: =SUMPRODUCT((RawData!$K$2:$K$503=8)*(RawData!$J$2:$J$503=2025)*(RawData!$G$2:$G$503)) -> 2979.15 | F12: =E11 -> 4846.58 | G12: =IFERROR((E12-E11)/E11,"") -> -0.38530882 | H12: Bar Chart + Line Chart MoM
A13: 9 | B13: Sep | C13: 2025 | D13: =DATE(C13,A13,1) -> 45901 | E13: =SUMPRODUCT((RawData!$K$2:$K$503=9)*(RawData!$J$2:$J$503=2025)*(RawData!$G$2:$G$503)) -> 3727.52 | F13: =E12 -> 2979.15 | G13: =IFERROR((E13-E12)/E12,"") -> 0.25120252 | H13: Bar Chart + Line Chart MoM
A14: 10 | B14: Oct | C14: 2025 | D14: =DATE(C14,A14,1) -> 45931 | E14: =SUMPRODUCT((RawData!$K$2:$K$503=10)*(RawData!$J$2:$J$503=2025)*(RawData!$G$2:$G$503)) -> 2884.76 | F14: =E13 -> 3727.52 | G14: =IFERROR((E14-E13)/E13,"") -> -0.22609134 | H14: Bar Chart + Line Chart MoM
A15: 11 | B15: Nov | C15: 2025 | D15: =DATE(C15,A15,1) -> 45962 | E15: =SUMPRODUCT((RawData!$K$2:$K$503=11)*(RawData!$J$2:$J$503=2025)*(RawData!$G$2:$G$503)) -> 3558.09 | F15: =E14 -> 2884.76 | G15: =IFERROR((E15-E14)/E14,"") -> 0.23340937 | H15: Bar Chart + Line Chart MoM
A16: 12 | B16: Dec | C16: 2025 | D16: =DATE(C16,A16,1) -> 45992 | E16: =SUMPRODUCT((RawData!$K$2:$K$503=12)*(RawData!$J$2:$J$503=2025)*(RawData!$G$2:$G$503)) -> 3215.27 | F16: =E15 -> 3558.09 | G16: =IFERROR((E16-E15)/E15,"") -> -0.096349446 | H16: Bar Chart + Line Chart MoM
A17: 1 | B17: Jan | C17: 2026 | D17: =DATE(C17,A17,1) -> 46023 | E17: =SUMPRODUCT((RawData!$K$2:$K$503=1)*(RawData!$J$2:$J$503=2026)*(RawData!$G$2:$G$503)) -> 4240.38 | F17: =E16 -> 3215.27 | G17: =IFERROR((E17-E16)/E16,"") -> 0.31882548 | H17: Bar Chart 2026
A18: 2 | B18: Feb | C18: 2026 | D18: =DATE(C18,A18,1) -> 46054 | E18: =SUMPRODUCT((RawData!$K$2:$K$503=2)*(RawData!$J$2:$J$503=2026)*(RawData!$G$2:$G$503)) -> 2499.4 | F18: =E17 -> 4240.38 | G18: =IFERROR((E18-E17)/E17,"") -> -0.41057169 | H18: Bar Chart 2026
A19: 3 | B19: Mar | C19: 2026 | D19: =DATE(C19,A19,1) -> 46082 | E19: =SUMPRODUCT((RawData!$K$2:$K$503=3)*(RawData!$J$2:$J$503=2026)*(RawData!$G$2:$G$503)) -> 1443.84 | F19: =E18 -> 2499.4 | G19: =IFERROR((E19-E18)/E18,"") -> -0.42232536 | H19: Bar Chart 2026
A21: TABLE 2 — Weekly Revenue (feeds WoW Line Chart)
A22: Week_Num | B22: Year | C22: Date | D22: Total_Revenue (€) | E22: WoW_Prev (€) | F22: WoW_Growth_% | G22: Use For
A23: 1 | B23: 2025 | C23: =DATE(A23,B23,1) -> 61972 | D23: =SUMPRODUCT((RawData!$L$2:$L$503=1)*(RawData!$J$2:$J$503=2025)*(RawData!$G$2:$G$503)) -> 600.61 | E23: — | F23: — | G23: WoW Line Chart
A24: 2 | B24: 2025 | C24: =DATE(A24,B24,1) -> 62337 | D24: =SUMPRODUCT((RawData!$L$2:$L$503=2)*(RawData!$J$2:$J$503=2025)*(RawData!$G$2:$G$503)) -> 1397.44 | E24: =D23 -> 600.61 | F24: =IFERROR((D24-D23)/D23,"") -> 1.3267012 | G24: WoW Line Chart
A25: 3 | B25: 2025 | C25: =DATE(A25,B25,1) -> 62702 | D25: =SUMPRODUCT((RawData!$L$2:$L$503=3)*(RawData!$J$2:$J$503=2025)*(RawData!$G$2:$G$503)) -> 441.83 | E25: =D24 -> 1397.44 | F25: =IFERROR((D25-D24)/D24,"") -> -0.683829 | G25: WoW Line Chart
A26: 4 | B26: 2025 | C26: =DATE(A26,B26,1) -> 63068 | D26: =SUMPRODUCT((RawData!$L$2:$L$503=4)*(RawData!$J$2:$J$503=2025)*(RawData!$G$2:$G$503)) -> 665.15 | E26: =D25 -> 441.83 | F26: =IFERROR((D26-D25)/D25,"") -> 0.50544327 | G26: WoW Line Chart
A27: 5 | B27: 2025 | C27: =DATE(A27,B27,1) -> 63433 | D27: =SUMPRODUCT((RawData!$L$2:$L$503=5)*(RawData!$J$2:$J$503=2025)*(RawData!$G$2:$G$503)) -> 667.62 | E27: =D26 -> 665.15 | F27: =IFERROR((D27-D26)/D26,"") -> 0.0037134481 | G27: WoW Line Chart
A28: 6 | B28: 2025 | C28: =DATE(A28,B28,1) -> 63798 | D28: =SUMPRODUCT((RawData!$L$2:$L$503=6)*(RawData!$J$2:$J$503=2025)*(RawData!$G$2:$G$503)) -> 1135.71 | E28: =D27 -> 667.62 | F28: =IFERROR((D28-D27)/D27,"") -> 0.70113238 | G28: WoW Line Chart
A29: 7 | B29: 2025 | C29: =DATE(A29,B29,1) -> 64163 | D29: =SUMPRODUCT((RawData!$L$2:$L$503=7)*(RawData!$J$2:$J$503=2025)*(RawData!$G$2:$G$503)) -> 1076.56 | E29: =D28 -> 1135.71 | F29: =IFERROR((D29-D28)/D28,"") -> -0.052081958 | G29: WoW Line Chart
A30: 8 | B30: 2025 | C30: =DATE(A30,B30,1) -> 64529 | D30: =SUMPRODUCT((RawData!$L$2:$L$503=8)*(RawData!$J$2:$J$503=2025)*(RawData!$G$2:$G$503)) -> 581.21 | E30: =D29 -> 1076.56 | F30: =IFERROR((D30-D29)/D29,"") -> -0.46012298 | G30: WoW Line Chart
A31: 9 | B31: 2025 | C31: =DATE(A31,B31,1) -> 64894 | D31: =SUMPRODUCT((RawData!$L$2:$L$503=9)*(RawData!$J$2:$J$503=2025)*(RawData!$G$2:$G$503)) -> 1184.67 | E31: =D30 -> 581.21 | F31: =IFERROR((D31-D30)/D30,"") -> 1.0382822 | G31: WoW Line Chart
A32: 10 | B32: 2025 | C32: =DATE(A32,B32,1) -> 65259 | D32: =SUMPRODUCT((RawData!$L$2:$L$503=10)*(RawData!$J$2:$J$503=2025)*(RawData!$G$2:$G$503)) -> 860.5 | E32: =D31 -> 1184.67 | F32: =IFERROR((D32-D31)/D31,"") -> -0.27363738 | G32: WoW Line Chart
A33: 11 | B33: 2025 | C33: =DATE(A33,B33,1) -> 65624 | D33: =SUMPRODUCT((RawData!$L$2:$L$503=11)*(RawData!$J$2:$J$503=2025)*(RawData!$G$2:$G$503)) -> 1046.39 | E33: =D32 -> 860.5 | F33: =IFERROR((D33-D32)/D32,"") -> 0.21602557 | G33: WoW Line Chart
A34: 12 | B34: 2025 | C34: =DATE(A34,B34,1) -> 65990 | D34: =SUMPRODUCT((RawData!$L$2:$L$503=12)*(RawData!$J$2:$J$503=2025)*(RawData!$G$2:$G$503)) -> 1602.16 | E34: =D33 -> 1046.39 | F34: =IFERROR((D34-D33)/D33,"") -> 0.53113084 | G34: WoW Line Chart
A35: 13 | B35: 2025 | C35: =DATE(A35,B35,1) -> 66355 | D35: =SUMPRODUCT((RawData!$L$2:$L$503=13)*(RawData!$J$2:$J$503=2025)*(RawData!$G$2:$G$503)) -> 875.68 | E35: =D34 -> 1602.16 | F35: =IFERROR((D35-D34)/D34,"") -> -0.45343786 | G35: WoW Line Chart
A36: 14 | B36: 2025 | C36: =DATE(A36,B36,1) -> 66720 | D36: =SUMPRODUCT((RawData!$L$2:$L$503=14)*(RawData!$J$2:$J$503=2025)*(RawData!$G$2:$G$503)) -> 551.96 | E36: =D35 -> 875.68 | F36: =IFERROR((D36-D35)/D35,"") -> -0.36967842 | G36: WoW Line Chart
A37: 15 | B37: 2025 | C37: =DATE(A37,B37,1) -> 67085 | D37: =SUMPRODUCT((RawData!$L$2:$L$503=15)*(RawData!$J$2:$J$503=2025)*(RawData!$G$2:$G$503)) -> 626.02 | E37: =D36 -> 551.96 | F37: =IFERROR((D37-D36)/D36,"") -> 0.13417639 | G37: WoW Line Chart
A38: 16 | B38: 2025 | C38: =DATE(A38,B38,1) -> 67451 | D38: =SUMPRODUCT((RawData!$L$2:$L$503=16)*(RawData!$J$2:$J$503=2025)*(RawData!$G$2:$G$503)) -> 487.14 | E38: =D37 -> 626.02 | F38: =IFERROR((D38-D37)/D37,"") -> -0.22184595 | G38: WoW Line Chart
A39: 17 | B39: 2025 | C39: =DATE(A39,B39,1) -> 67816 | D39: =SUMPRODUCT((RawData!$L$2:$L$503=17)*(RawData!$J$2:$J$503=2025)*(RawData!$G$2:$G$503)) -> 888.18 | E39: =D38 -> 487.14 | F39: =IFERROR((D39-D38)/D38,"") -> 0.8232541 | G39: WoW Line Chart
A40: 18 | B40: 2025 | C40: =DATE(A40,B40,1) -> 68181 | D40: =SUMPRODUCT((RawData!$L$2:$L$503=18)*(RawData!$J$2:$J$503=2025)*(RawData!$G$2:$G$503)) -> 580.8 | E40: =D39 -> 888.18 | F40: =IFERROR((D40-D39)/D39,"") -> -0.3460785 | G40: WoW Line Chart
A41: 19 | B41: 2025 | C41: =DATE(A41,B41,1) -> 68546 | D41: =SUMPRODUCT((RawData!$L$2:$L$503=19)*(RawData!$J$2:$J$503=2025)*(RawData!$G$2:$G$503)) -> 427.5 | E41: =D40 -> 580.8 | F41: =IFERROR((D41-D40)/D40,"") -> -0.26394628 | G41: WoW Line Chart
A42: 20 | B42: 2025 | C42: =DATE(A42,B42,1) -> 68912 | D42: =SUMPRODUCT((RawData!$L$2:$L$503=20)*(RawData!$J$2:$J$503=2025)*(RawData!$G$2:$G$503)) -> 1112.79 | E42: =D41 -> 427.5 | F42: =IFERROR((D42-D41)/D41,"") -> 1.6030175 | G42: WoW Line Chart
A43: 21 | B43: 2025 | C43: =DATE(A43,B43,1) -> 69277 | D43: =SUMPRODUCT((RawData!$L$2:$L$503=21)*(RawData!$J$2:$J$503=2025)*(RawData!$G$2:$G$503)) -> 704.22 | E43: =D42 -> 1112.79 | F43: =IFERROR((D43-D42)/D42,"") -> -0.36715822 | G43: WoW Line Chart
A44: 22 | B44: 2025 | C44: =DATE(A44,B44,1) -> 69642 | D44: =SUMPRODUCT((RawData!$L$2:$L$503=22)*(RawData!$J$2:$J$503=2025)*(RawData!$G$2:$G$503)) -> 599.57 | E44: =D43 -> 704.22 | F44: =IFERROR((D44-D43)/D43,"") -> -0.14860413 | G44: WoW Line Chart
A45: 23 | B45: 2025 | C45: =DATE(A45,B45,1) -> 70007 | D45: =SUMPRODUCT((RawData!$L$2:$L$503=23)*(RawData!$J$2:$J$503=2025)*(RawData!$G$2:$G$503)) -> 1854.07 | E45: =D44 -> 599.57 | F45: =IFERROR((D45-D44)/D44,"") -> 2.0923328 | G45: WoW Line Chart
A46: 24 | B46: 2025 | C46: =DATE(A46,B46,1) -> 70373 | D46: =SUMPRODUCT((RawData!$L$2:$L$503=24)*(RawData!$J$2:$J$503=2025)*(RawData!$G$2:$G$503)) -> 1827.62 | E46: =D45 -> 1854.07 | F46: =IFERROR((D46-D45)/D45,"") -> -0.014265912 | G46: WoW Line Chart
A47: 25 | B47: 2025 | C47: =DATE(A47,B47,1) -> 70738 | D47: =SUMPRODUCT((RawData!$L$2:$L$503=25)*(RawData!$J$2:$J$503=2025)*(RawData!$G$2:$G$503)) -> 581.69 | E47: =D46 -> 1827.62 | F47: =IFERROR((D47-D46)/D46,"") -> -0.68172268 | G47: WoW Line Chart
A48: 26 | B48: 2025 | C48: =DATE(A48,B48,1) -> 71103 | D48: =SUMPRODUCT((RawData!$L$2:$L$503=26)*(RawData!$J$2:$J$503=2025)*(RawData!$G$2:$G$503)) -> 533.23 | E48: =D47 -> 581.69 | F48: =IFERROR((D48-D47)/D47,"") -> -0.083308979 | G48: WoW Line Chart
A49: 27 | B49: 2025 | C49: =DATE(A49,B49,1) -> 71468 | D49: =SUMPRODUCT((RawData!$L$2:$L$503=27)*(RawData!$J$2:$J$503=2025)*(RawData!$G$2:$G$503)) -> 467.11 | E49: =D48 -> 533.23 | F49: =IFERROR((D49-D48)/D48,"") -> -0.12399902 | G49: WoW Line Chart
A50: 28 | B50: 2025 | C50: =DATE(A50,B50,1) -> 71834 | D50: =SUMPRODUCT((RawData!$L$2:$L$503=28)*(RawData!$J$2:$J$503=2025)*(RawData!$G$2:$G$503)) -> 1385.78 | E50: =D49 -> 467.11 | F50: =IFERROR((D50-D49)/D49,"") -> 1.9667102 | G50: WoW Line Chart
A51: 29 | B51: 2025 | C51: =DATE(A51,B51,1) -> 72199 | D51: =SUMPRODUCT((RawData!$L$2:$L$503=29)*(RawData!$J$2:$J$503=2025)*(RawData!$G$2:$G$503)) -> 2256.46 | E51: =D50 -> 1385.78 | F51: =IFERROR((D51-D50)/D50,"") -> 0.62829598 | G51: WoW Line Chart
A52: 30 | B52: 2025 | C52: =DATE(A52,B52,1) -> 72564 | D52: =SUMPRODUCT((RawData!$L$2:$L$503=30)*(RawData!$J$2:$J$503=2025)*(RawData!$G$2:$G$503)) -> 607.99 | E52: =D51 -> 2256.46 | F52: =IFERROR((D52-D51)/D51,"") -> -0.73055583 | G52: WoW Line Chart
A53: 31 | B53: 2025 | C53: =DATE(A53,B53,1) -> 72929 | D53: =SUMPRODUCT((RawData!$L$2:$L$503=31)*(RawData!$J$2:$J$503=2025)*(RawData!$G$2:$G$503)) -> 739.24 | E53: =D52 -> 607.99 | F53: =IFERROR((D53-D52)/D52,"") -> 0.21587526 | G53: WoW Line Chart
A54: 32 | B54: 2025 | C54: =DATE(A54,B54,1) -> 73294 | D54: =SUMPRODUCT((RawData!$L$2:$L$503=32)*(RawData!$J$2:$J$503=2025)*(RawData!$G$2:$G$503)) -> 942.73 | E54: =D53 -> 739.24 | F54: =IFERROR((D54-D53)/D53,"") -> 0.2752692 | G54: WoW Line Chart
A55: 33 | B55: 2025 | C55: =DATE(A55,B55,1) -> 73659 | D55: =SUMPRODUCT((RawData!$L$2:$L$503=33)*(RawData!$J$2:$J$503=2025)*(RawData!$G$2:$G$503)) -> 355.56 | E55: =D54 -> 942.73 | F55: =IFERROR((D55-D54)/D54,"") -> -0.62284005 | G55: WoW Line Chart
A56: 34 | B56: 2025 | C56: =DATE(A56,B56,1) -> 74024 | D56: =SUMPRODUCT((RawData!$L$2:$L$503=34)*(RawData!$J$2:$J$503=2025)*(RawData!$G$2:$G$503)) -> 267.38 | E56: =D55 -> 355.56 | F56: =IFERROR((D56-D55)/D55,"") -> -0.24800315 | G56: WoW Line Chart
A57: 35 | B57: 2025 | C57: =DATE(A57,B57,1) -> 74389 | D57: =SUMPRODUCT((RawData!$L$2:$L$503=35)*(RawData!$J$2:$J$503=2025)*(RawData!$G$2:$G$503)) -> 803.48 | E57: =D56 -> 267.38 | F57: =IFERROR((D57-D56)/D56,"") -> 2.0050116 | G57: WoW Line Chart
A58: 36 | B58: 2025 | C58: =DATE(A58,B58,1) -> 74755 | D58: =SUMPRODUCT((RawData!$L$2:$L$503=36)*(RawData!$J$2:$J$503=2025)*(RawData!$G$2:$G$503)) -> 287 | E58: =D57 -> 803.48 | F58: =IFERROR((D58-D57)/D57,"") -> -0.6428038 | G58: WoW Line Chart
A59: 37 | B59: 2025 | C59: =DATE(A59,B59,1) -> 75120 | D59: =SUMPRODUCT((RawData!$L$2:$L$503=37)*(RawData!$J$2:$J$503=2025)*(RawData!$G$2:$G$503)) -> 480.1 | E59: =D58 -> 287 | F59: =IFERROR((D59-D58)/D58,"") -> 0.6728223 | G59: WoW Line Chart
A60: 38 | B60: 2025 | C60: =DATE(A60,B60,1) -> 75485 | D60: =SUMPRODUCT((RawData!$L$2:$L$503=38)*(RawData!$J$2:$J$503=2025)*(RawData!$G$2:$G$503)) -> 1593.99 | E60: =D59 -> 480.1 | F60: =IFERROR((D60-D59)/D59,"") -> 2.3201208 | G60: WoW Line Chart
A61: 39 | B61: 2025 | C61: =DATE(A61,B61,1) -> 75850 | D61: =SUMPRODUCT((RawData!$L$2:$L$503=39)*(RawData!$J$2:$J$503=2025)*(RawData!$G$2:$G$503)) -> 1057.37 | E61: =D60 -> 1593.99 | F61: =IFERROR((D61-D60)/D60,"") -> -0.33665205 | G61: WoW Line Chart
A62: 40 | B62: 2025 | C62: =DATE(A62,B62,1) -> 76216 | D62: =SUMPRODUCT((RawData!$L$2:$L$503=40)*(RawData!$J$2:$J$503=2025)*(RawData!$G$2:$G$503)) -> 371.09 | E62: =D61 -> 1057.37 | F62: =IFERROR((D62-D61)/D61,"") -> -0.64904433 | G62: WoW Line Chart
A63: 41 | B63: 2025 | C63: =DATE(A63,B63,1) -> 76581 | D63: =SUMPRODUCT((RawData!$L$2:$L$503=41)*(RawData!$J$2:$J$503=2025)*(RawData!$G$2:$G$503)) -> 1464.11 | E63: =D62 -> 371.09 | F63: =IFERROR((D63-D62)/D62,"") -> 2.945431 | G63: WoW Line Chart
A64: 42 | B64: 2025 | C64: =DATE(A64,B64,1) -> 76946 | D64: =SUMPRODUCT((RawData!$L$2:$L$503=42)*(RawData!$J$2:$J$503=2025)*(RawData!$G$2:$G$503)) -> 286.68 | E64: =D63 -> 1464.11 | F64: =IFERROR((D64-D63)/D63,"") -> -0.80419504 | G64: WoW Line Chart
A65: 43 | B65: 2025 | C65: =DATE(A65,B65,1) -> 77311 | D65: =SUMPRODUCT((RawData!$L$2:$L$503=43)*(RawData!$J$2:$J$503=2025)*(RawData!$G$2:$G$503)) -> 680.19 | E65: =D64 -> 286.68 | F65: =IFERROR((D65-D64)/D64,"") -> 1.3726455 | G65: WoW Line Chart
A66: 44 | B66: 2025 | C66: =DATE(A66,B66,1) -> 77677 | D66: =SUMPRODUCT((RawData!$L$2:$L$503=44)*(RawData!$J$2:$J$503=2025)*(RawData!$G$2:$G$503)) -> 603.25 | E66: =D65 -> 680.19 | F66: =IFERROR((D66-D65)/D65,"") -> -0.11311545 | G66: WoW Line Chart
A67: 45 | B67: 2025 | C67: =DATE(A67,B67,1) -> 78042 | D67: =SUMPRODUCT((RawData!$L$2:$L$503=45)*(RawData!$J$2:$J$503=2025)*(RawData!$G$2:$G$503)) -> 1040.54 | E67: =D66 -> 603.25 | F67: =IFERROR((D67-D66)/D66,"") -> 0.72489018 | G67: WoW Line Chart
A68: 46 | B68: 2025 | C68: =DATE(A68,B68,1) -> 78407 | D68: =SUMPRODUCT((RawData!$L$2:$L$503=46)*(RawData!$J$2:$J$503=2025)*(RawData!$G$2:$G$503)) -> 1537.74 | E68: =D67 -> 1040.54 | F68: =IFERROR((D68-D67)/D67,"") -> 0.47782882 | G68: WoW Line Chart
A69: 47 | B69: 2025 | C69: =DATE(A69,B69,1) -> 78772 | D69: =SUMPRODUCT((RawData!$L$2:$L$503=47)*(RawData!$J$2:$J$503=2025)*(RawData!$G$2:$G$503)) -> 401.81 | E69: =D68 -> 1537.74 | F69: =IFERROR((D69-D68)/D68,"") -> -0.73870095 | G69: WoW Line Chart
A70: 48 | B70: 2025 | C70: =DATE(A70,B70,1) -> 79138 | D70: =SUMPRODUCT((RawData!$L$2:$L$503=48)*(RawData!$J$2:$J$503=2025)*(RawData!$G$2:$G$503)) -> 366.5 | E70: =D69 -> 401.81 | F70: =IFERROR((D70-D69)/D69,"") -> -0.087877355 | G70: WoW Line Chart
A71: 49 | B71: 2025 | C71: =DATE(A71,B71,1) -> 79503 | D71: =SUMPRODUCT((RawData!$L$2:$L$503=49)*(RawData!$J$2:$J$503=2025)*(RawData!$G$2:$G$503)) -> 1090 | E71: =D70 -> 366.5 | F71: =IFERROR((D71-D70)/D70,"") -> 1.9740791 | G71: WoW Line Chart
A72: 50 | B72: 2025 | C72: =DATE(A72,B72,1) -> 79868 | D72: =SUMPRODUCT((RawData!$L$2:$L$503=50)*(RawData!$J$2:$J$503=2025)*(RawData!$G$2:$G$503)) -> 445.5 | E72: =D71 -> 1090 | F72: =IFERROR((D72-D71)/D71,"") -> -0.5912844 | G72: WoW Line Chart
A73: 51 | B73: 2025 | C73: =DATE(A73,B73,1) -> 80233 | D73: =SUMPRODUCT((RawData!$L$2:$L$503=51)*(RawData!$J$2:$J$503=2025)*(RawData!$G$2:$G$503)) -> 1127.62 | E73: =D72 -> 445.5 | F73: =IFERROR((D73-D72)/D72,"") -> 1.5311336 | G73: WoW Line Chart
A74: 52 | B74: 2025 | C74: =DATE(A74,B74,1) -> 80599 | D74: =SUMPRODUCT((RawData!$L$2:$L$503=52)*(RawData!$J$2:$J$503=2025)*(RawData!$G$2:$G$503)) -> 460.44 | E74: =D73 -> 1127.62 | F74: =IFERROR((D74-D73)/D73,"") -> -0.59167095 | G74: WoW Line Chart
A75: 1 | B75: 2026 | C75: =DATE(A75,B75,1) -> 62002 | D75: =SUMPRODUCT((RawData!$L$2:$L$503=1)*(RawData!$J$2:$J$503=2026)*(RawData!$G$2:$G$503)) -> 1050 | E75: =D74 -> 460.44 | F75: =IFERROR((D75-D74)/D74,"") -> 1.2804274 | G75: WoW Line Chart
A76: 2 | B76: 2026 | C76: =DATE(A76,B76,1) -> 62367 | D76: =SUMPRODUCT((RawData!$L$2:$L$503=2)*(RawData!$J$2:$J$503=2026)*(RawData!$G$2:$G$503)) -> 959.96 | E76: =D75 -> 1050 | F76: =IFERROR((D76-D75)/D75,"") -> -0.085752381 | G76: WoW Line Chart
A77: 3 | B77: 2026 | C77: =DATE(A77,B77,1) -> 62732 | D77: =SUMPRODUCT((RawData!$L$2:$L$503=3)*(RawData!$J$2:$J$503=2026)*(RawData!$G$2:$G$503)) -> 824.7 | E77: =D76 -> 959.96 | F77: =IFERROR((D77-D76)/D76,"") -> -0.1409017 | G77: WoW Line Chart
A78: 4 | B78: 2026 | C78: =DATE(A78,B78,1) -> 63098 | D78: =SUMPRODUCT((RawData!$L$2:$L$503=4)*(RawData!$J$2:$J$503=2026)*(RawData!$G$2:$G$503)) -> 688.22 | E78: =D77 -> 824.7 | F78: =IFERROR((D78-D77)/D77,"") -> -0.16549048 | G78: WoW Line Chart
A79: 5 | B79: 2026 | C79: =DATE(A79,B79,1) -> 63463 | D79: =SUMPRODUCT((RawData!$L$2:$L$503=5)*(RawData!$J$2:$J$503=2026)*(RawData!$G$2:$G$503)) -> 717.5 | E79: =D78 -> 688.22 | F79: =IFERROR((D79-D78)/D78,"") -> 0.042544535 | G79: WoW Line Chart
A80: 6 | B80: 2026 | C80: =DATE(A80,B80,1) -> 63828 | D80: =SUMPRODUCT((RawData!$L$2:$L$503=6)*(RawData!$J$2:$J$503=2026)*(RawData!$G$2:$G$503)) -> 355.84 | E80: =D79 -> 717.5 | F80: =IFERROR((D80-D79)/D79,"") -> -0.50405575 | G80: WoW Line Chart
A81: 7 | B81: 2026 | C81: =DATE(A81,B81,1) -> 64193 | D81: =SUMPRODUCT((RawData!$L$2:$L$503=7)*(RawData!$J$2:$J$503=2026)*(RawData!$G$2:$G$503)) -> 893.7 | E81: =D80 -> 355.84 | F81: =IFERROR((D81-D80)/D80,"") -> 1.511522 | G81: WoW Line Chart
A82: 8 | B82: 2026 | C82: =DATE(A82,B82,1) -> 64559 | D82: =SUMPRODUCT((RawData!$L$2:$L$503=8)*(RawData!$J$2:$J$503=2026)*(RawData!$G$2:$G$503)) -> 866.81 | E82: =D81 -> 893.7 | F82: =IFERROR((D82-D81)/D81,"") -> -0.030088397 | G82: WoW Line Chart
A83: 9 | B83: 2026 | C83: =DATE(A83,B83,1) -> 64924 | D83: =SUMPRODUCT((RawData!$L$2:$L$503=9)*(RawData!$J$2:$J$503=2026)*(RawData!$G$2:$G$503)) -> 579.55 | E83: =D82 -> 866.81 | F83: =IFERROR((D83-D82)/D82,"") -> -0.33139904 | G83: WoW Line Chart
A84: 10 | B84: 2026 | C84: =DATE(A84,B84,1) -> 65289 | D84: =SUMPRODUCT((RawData!$L$2:$L$503=10)*(RawData!$J$2:$J$503=2026)*(RawData!$G$2:$G$503)) -> 1247.34 | E84: =D83 -> 579.55 | F84: =IFERROR((D84-D83)/D83,"") -> 1.1522561 | G84: WoW Line Chart
A86: TABLE 3 — KPI Cards for Page 1
A87: KPI | B87: Formula | C87: Format | D87: Value Interpretation
A88: Total Revenue (€) | B88: =SUMPRODUCT((RawData!$J$2:$J$503=2025)*(RawData!$G$2:$G$503)) -> 44029.98 | C88: €#,##0.00 | D88: Sum of all Net_Revenue in 2025
A89: Total Orders (2025) | B89: =SUMPRODUCT((RawData!$J$2:$J$503=2025)*(RawData!$B$2:$B$503<>"")) -> 417 | C89: 0 | D89: Count of all orders in 2025
A90: AOV (2025) | B90: =IFERROR(SUMPRODUCT((RawData!$J$2:$J$503=2025)*(RawData!$G$2:$G$503))/SUMPRODUCT((RawData!$J$2:$J$503=2025)*(RawData!$B$2:$B$503<>"")),"") -> 105.58748 | C90: €#,##0.00 | D90: Avg revenue per order
A91: Orders per Day (2025) | B91: {=IFERROR(SUMPRODUCT((RawData!$J$2:$J$503=2025)*(RawData!$B$2:$B$503<>""))/SUMPRODUCT(1/COUNTIF(RawData!$A$2:$A$503,RawData!$A$2:$A$503)),"")} | C91: 0.0 | D91: Avg orders placed each calendar day
A92: Last Month Revenue (Dec 2025) | B92: =SUMPRODUCT((RawData!$K$2:$K$503=12)*(RawData!$J$2:$J$503=2025)*(RawData!$G$2:$G$503)) -> 3215.27 | C92: €#,##0.00 | D92: Most recent full month
A93: Current Month Revenue (Jan 2026) | B93: =SUMPRODUCT((RawData!$K$2:$K$503=1)*(RawData!$J$2:$J$503=2026)*(RawData!$G$2:$G$503)) -> 4240.38 | C93: €#,##0.00 | D93: Current period
A94: MoM Growth % (Jan26 vs Dec25) | B94: =IFERROR((SUMPRODUCT((RawData!$K$2:$K$503=1)*(RawData!$J$2:$J$503=2026)*(RawData!$G$2:$G$503))-SUMPRODUCT((RawData!$K$2:$K$503=12)*(RawData!$J$2:$J$503=2025)*(RawData!$G$2:$G$503)))/SUMPRODUCT((RawData!$K$2:$K$503=12)*(RawData!$J$2:$J$503=2025)*(RawData!$G$2:$G$503)),"") -> 0.31882548 | C94: 0.0% | D94: Positive = growth vs prev month
G96: ⚠️ CALENDAR HEATMAP: Use SUMPRODUCT((YEAR(RawData!$A$2:$A$503)=2025)*(RawData!$A$2:$A$503=DATE(2025,MONTH,DAY))*RawData!$G$2:$G$503) for each cell in your calendar grid. Apply 3-Color Scale Conditional Formatting (green=low, white=mid, red=high) across all date cells.

Sheet P2_Product_Calcs
A1: 📦 PAGE 2 — PRODUCT & CATEGORY PERFORMANCE | Calculation Tables
A3: TABLE 1 — Category Revenue Share (feeds Donut + Treemap)
A4: Category | B4: Total_Revenue (€) | C4: Total_Units | D4: Revenue_Share_% | E4: Avg_Rev_per_Unit (€) | F4: Use For
A5: Capsules (Original) | B5: =SUMIF(RawData!$D$2:$D$503,"Capsules (Original)",RawData!$G$2:$G$503) -> 4387.5 | C5: =SUMIF(RawData!$D$2:$D$503,"Capsules (Original)",RawData!$F$2:$F$503) -> 9750 | D5: =IFERROR(B5/SUM(B5:B8),"") -> 0.084029831 | E5: =IFERROR(B5/C5,"") -> 0.45 | F5: Donut Chart + Treemap
A6: Capsules (Vertuo) | B6: =SUMIF(RawData!$D$2:$D$503,"Capsules (Vertuo)",RawData!$G$2:$G$503) -> 6292 | C6: =SUMIF(RawData!$D$2:$D$503,"Capsules (Vertuo)",RawData!$F$2:$F$503) -> 9680 | D6: =IFERROR(B6/SUM(B5:B8),"") -> 0.120505 | E6: =IFERROR(B6/C6,"") -> 0.65 | F6: Donut Chart + Treemap
A7: Accessories | B7: =SUMIF(RawData!$D$2:$D$503,"Accessories",RawData!$G$2:$G$503) -> 11210.1 | C7: =SUMIF(RawData!$D$2:$D$503,"Accessories",RawData!$F$2:$F$503) -> 213 | D7: =IFERROR(B7/SUM(B5:B8),"") -> 0.21469694 | E7: =IFERROR(B7/C7,"") -> 52.629577 | F7: Donut Chart + Treemap
A8: Machines | B8: =SUMIF(RawData!$D$2:$D$503,"Machines",RawData!$G$2:$G$503) -> 30324 | C8: =SUMIF(RawData!$D$2:$D$503,"Machines",RawData!$F$2:$F$503) -> 126 | D8: =IFERROR(B8/SUM(B5:B8),"") -> 0.58076823 | E8: =IFERROR(B8/C8,"") -> 240.66667 | F8: Donut Chart + Treemap
A10: TABLE 2 — SKU Revenue & Units (feeds Horizontal Bars + Scatter Plot)
A11: SKU | B11: Category | C11: Total_Revenue (€) | D11: Total_Units | E11: Rev_per_Unit (€) | F11: Rev_Rank | G11: Flag (below avg)
A12: Essenza Mini | B12: Machines | C12: =SUMIF(RawData!$E$2:$E$503,"Essenza Mini",RawData!$G$2:$G$503) -> 10659 | D12: =SUMIF(RawData!$E$2:$E$503,"Essenza Mini",RawData!$F$2:$F$503) -> 41 | E12: =IFERROR(C12/D12,"") -> 259.97561 | F12: =RANK(C12,C3:C14,0) -> 1 | G12: =IF(E12<AVERAGE(E3:E14),"⚠️ FLAG","OK") -> OK
A13: Creatista Plus | B13: Machines | C13: =SUMIF(RawData!$E$2:$E$503,"Creatista Plus",RawData!$G$2:$G$503) -> 10006 | D13: =SUMIF(RawData!$E$2:$E$503,"Creatista Plus",RawData!$F$2:$F$503) -> 44 | E13: =IFERROR(C13/D13,"") -> 227.40909 | F13: =RANK(C13,C3:C14,0) -> 2 | G13: =IF(E13<AVERAGE(E3:E14),"⚠️ FLAG","OK") -> OK
A14: Vertuo Pop | B14: Machines | C14: =SUMIF(RawData!$E$2:$E$503,"Vertuo Pop",RawData!$G$2:$G$503) -> 9659 | D14: =SUMIF(RawData!$E$2:$E$503,"Vertuo Pop",RawData!$F$2:$F$503) -> 41 | E14: =IFERROR(C14/D14,"") -> 235.58537 | F14: =RANK(C14,C3:C14,0) -> 5 | G14: =IF(E14<AVERAGE(E3:E14),"⚠️ FLAG","OK") -> OK
A15: Nomad Travel Mug | B15: Accessories | C15: =SUMIF(RawData!$E$2:$E$503,"Nomad Travel Mug",RawData!$G$2:$G$503) -> 5116.56 | D15: =SUMIF(RawData!$E$2:$E$503,"Nomad Travel Mug",RawData!$F$2:$F$503) -> 95 | E15: =IFERROR(C15/D15,"") -> 53.858526 | F15: =RANK(C15,C8:C19,0) -> 4 | G15: =IF(E15<AVERAGE(E8:E19),"⚠️ FLAG","OK") -> ⚠️ FLAG
A16: Aeroccino 4 | B16: Accessories | C16: =SUMIF(RawData!$E$2:$E$503,"Aeroccino 4",RawData!$G$2:$G$503) -> 3769.84 | D16: =SUMIF(RawData!$E$2:$E$503,"Aeroccino 4",RawData!$F$2:$F$503) -> 68 | E16: =IFERROR(C16/D16,"") -> 55.438824 | F16: =RANK(C16,C10:C21,0) -> 5 | G16: =IF(E16<AVERAGE(E10:E21),"⚠️ FLAG","OK") -> ⚠️ FLAG
A17: Stormio | B17: Capsules (Vertuo) | C17: =SUMIF(RawData!$E$2:$E$503,"Stormio",RawData!$G$2:$G$503) -> 2353 | D17: =SUMIF(RawData!$E$2:$E$503,"Stormio",RawData!$F$2:$F$503) -> 3620 | E17: =IFERROR(C17/D17,"") -> 0.65 | F17: =RANK(C17,C12:C23,0) -> 6 | G17: =IF(E17<AVERAGE(E12:E23),"⚠️ FLAG","OK") -> ⚠️ FLAG
A18: Descaling Kit | B18: Accessories | C18: =SUMIF(RawData!$E$2:$E$503,"Descaling Kit",RawData!$G$2:$G$503) -> 2323.7 | D18: =SUMIF(RawData!$E$2:$E$503,"Descaling Kit",RawData!$F$2:$F$503) -> 50 | E18: =IFERROR(C18/D18,"") -> 46.474 | F18: =RANK(C18,C10:C21,0) -> 7 | G18: =IF(E18<AVERAGE(E10:E21),"⚠️ FLAG","OK") -> ⚠️ FLAG
A19: Odacio | B19: Capsules (Original) | C19: =SUMIF(RawData!$E$2:$E$503,"Odacio",RawData!$G$2:$G$503) -> 2047.5 | D19: =SUMIF(RawData!$E$2:$E$503,"Odacio",RawData!$F$2:$F$503) -> 3150 | E19: =IFERROR(C19/D19,"") -> 0.65 | F19: =RANK(C19,C16:C27,0) -> 4 | G19: =IF(E19<AVERAGE(E16:E27),"⚠️ FLAG","OK") -> ⚠️ FLAG
A20: Melozio | B20: Capsules (Vertuo) | C20: =SUMIF(RawData!$E$2:$E$503,"Melozio",RawData!$G$2:$G$503) -> 1891.5 | D20: =SUMIF(RawData!$E$2:$E$503,"Melozio",RawData!$F$2:$F$503) -> 2910 | E20: =IFERROR(C20/D20,"") -> 0.65 | F20: =RANK(C20,C16:C27,0) -> 5 | G20: =IF(E20<AVERAGE(E16:E27),"⚠️ FLAG","OK") -> ⚠️ FLAG
A21: Roma | B21: Capsules (Original) | C21: =SUMIF(RawData!$E$2:$E$503,"Roma",RawData!$G$2:$G$503) -> 1566 | D21: =SUMIF(RawData!$E$2:$E$503,"Roma",RawData!$F$2:$F$503) -> 3480 | E21: =IFERROR(C21/D21,"") -> 0.45 | F21: =RANK(C21,C19:C30,0) -> 3 | G21: =IF(E21<AVERAGE(E19:E30),"⚠️ FLAG","OK") -> ⚠️ FLAG
A22: Livanto | B22: Capsules (Original) | C22: =SUMIF(RawData!$E$2:$E$503,"Livanto",RawData!$G$2:$G$503) -> 1417.5 | D22: =SUMIF(RawData!$E$2:$E$503,"Livanto",RawData!$F$2:$F$503) -> 3150 | E22: =IFERROR(C22/D22,"") -> 0.45 | F22: =RANK(C22,C21:C32,0) -> 2 | G22: =IF(E22<AVERAGE(E21:E32),"⚠️ FLAG","OK") -> OK
A23: Arpeggio | B23: Capsules (Original) | C23: =SUMIF(RawData!$E$2:$E$503,"Arpeggio",RawData!$G$2:$G$503) -> 1404 | D23: =SUMIF(RawData!$E$2:$E$503,"Arpeggio",RawData!$F$2:$F$503) -> 3120 | E23: =IFERROR(C23/D23,"") -> 0.45 | F23: =RANK(C23,C23:C34,0) -> 1 | G23: =IF(E23<AVERAGE(E23:E34),"⚠️ FLAG","OK") -> OK
G25: 📌 TOP 10 BY REVENUE: Sort Table 2 by column C (Rev) DESC → select first 10 rows → Insert Horizontal Bar Chart 📌 SCATTER PLOT: X-axis = column D (Units), Y-axis = column C (Revenue), one series per SKU. Highlight ⚠️ FLAG points in orange.
A27: TABLE 3 — KPI Cards for Page 2
A28: KPI | B28: Formula | C28: Format | D28: Interpretation
A29: Category Revenue Share % (Capsules) | B29: =IFERROR(SUMIF(RawData!$D$2:$D$503,"Capsules (Original)",RawData!$G$2:$G$503)/SUM(RawData!$G$2:$G$503),"") -> 0.042014916 | C29: 0.0% | D29: % of total revenue from Original Capsules | K29: Category Revenue Share % (Capsules) | P29: Category Revenue Share % (Vertuo)
A30: Category Revenue Share % (Vertuo) | B30: =IFERROR(SUMIF(RawData!$D$2:$D$503,"Capsules (Vertuo)",RawData!$G$2:$G$503)/SUM(RawData!$G$2:$G$503),"") -> 0.060252501 | C30: 0.0% | D30: % of total revenue from Vertuo Capsules | K30: =B29 -> 0.042014916 | P30: =B30 -> 0.060252501
A31: Category Revenue Share % (Accessories) | B31: =IFERROR(SUMIF(RawData!$D$2:$D$503,"Accessories",RawData!$G$2:$G$503)/SUM(RawData!$G$2:$G$503),"") -> 0.10734847 | C31: 0.0% | D31: % of total revenue from Accessories
A32: Category Revenue Share % (Machines) | B32: =IFERROR(SUMIF(RawData!$D$2:$D$503,"Machines",RawData!$G$2:$G$503)/SUM(RawData!$G$2:$G$503),"") -> 0.29038411 | C32: 0.0% | D32: % of total revenue from Machines
A33: Underperformance Flag Count | B33: =COUNTIF(P2_Product_Calcs!G12:G23,"⚠️ FLAG") -> 7 | C33: 0 | D33: # of SKUs with below-average revenue per unit
A34: Total SKUs | B34: =COUNTA(P2_Product_Calcs!A12:A23) -> 12 | C34: 0 | D34: Total distinct SKUs in dataset | K34: Category Revenue Share % (Accessories) | P34: Category Revenue Share % (Machines)
K35: =B31 -> 0.10734847 | P35: =B32 -> 0.29038411
K39: Underperformance Flag Count | P39: Total SKUs
K40: =COUNTIF(G12:G23,"⚠️ FLAG") -> 7 | P40: =B34 -> 12

Sheet P3_Channel_Calcs
A1: 📡 PAGE 3 — CHANNEL ANALYTICS | Calculation Tables
A3: TABLE 1 — Monthly Revenue by Channel (feeds Stacked Area Chart)
A4: Month_Num | B4: Month_Name | C4: Year | D4: Mobile App (€) | E4: Boutique (€) | F4: Desktop (€) | G4: Total (€) | H4: Use For
A5: 1 | B5: Jan | C5: 2025 | D5: =SUMPRODUCT((RawData!$I$2:$I$503="Mobile App")*(RawData!$K$2:$K$503=1)*(RawData!$J$2:$J$503=2025)*(RawData!$G$2:$G$503)) -> 980.91 | E5: =SUMPRODUCT((RawData!$I$2:$I$503="Nespresso Boutique Pick-up")*(RawData!$K$2:$K$503=1)*(RawData!$J$2:$J$503=2025)*(RawData!$G$2:$G$503)) -> 672.39 | F5: =SUMPRODUCT((RawData!$I$2:$I$503="Desktop")*(RawData!$K$2:$K$503=1)*(RawData!$J$2:$J$503=2025)*(RawData!$G$2:$G$503)) -> 1928.64 | G5: =D5+E5+F5 -> 3581.94 | H5: Stacked Area Chart
A6: 2 | B6: Feb | C6: 2025 | D6: =SUMPRODUCT((RawData!$I$2:$I$503="Mobile App")*(RawData!$K$2:$K$503=2)*(RawData!$J$2:$J$503=2025)*(RawData!$G$2:$G$503)) -> 1470.7 | E6: =SUMPRODUCT((RawData!$I$2:$I$503="Nespresso Boutique Pick-up")*(RawData!$K$2:$K$503=2)*(RawData!$J$2:$J$503=2025)*(RawData!$G$2:$G$503)) -> 1150.32 | F6: =SUMPRODUCT((RawData!$I$2:$I$503="Desktop")*(RawData!$K$2:$K$503=2)*(RawData!$J$2:$J$503=2025)*(RawData!$G$2:$G$503)) -> 444.63 | G6: =D6+E6+F6 -> 3065.65 | H6: Stacked Area Chart
A7: 3 | B7: Mar | C7: 2025 | D7: =SUMPRODUCT((RawData!$I$2:$I$503="Mobile App")*(RawData!$K$2:$K$503=3)*(RawData!$J$2:$J$503=2025)*(RawData!$G$2:$G$503)) -> 2069.45 | E7: =SUMPRODUCT((RawData!$I$2:$I$503="Nespresso Boutique Pick-up")*(RawData!$K$2:$K$503=3)*(RawData!$J$2:$J$503=2025)*(RawData!$G$2:$G$503)) -> 2065.37 | F7: =SUMPRODUCT((RawData!$I$2:$I$503="Desktop")*(RawData!$K$2:$K$503=3)*(RawData!$J$2:$J$503=2025)*(RawData!$G$2:$G$503)) -> 1323.36 | G7: =D7+E7+F7 -> 5458.18 | H7: Stacked Area Chart
A8: 4 | B8: Apr | C8: 2025 | D8: =SUMPRODUCT((RawData!$I$2:$I$503="Mobile App")*(RawData!$K$2:$K$503=4)*(RawData!$J$2:$J$503=2025)*(RawData!$G$2:$G$503)) -> 1081.62 | E8: =SUMPRODUCT((RawData!$I$2:$I$503="Nespresso Boutique Pick-up")*(RawData!$K$2:$K$503=4)*(RawData!$J$2:$J$503=2025)*(RawData!$G$2:$G$503)) -> 1026.42 | F8: =SUMPRODUCT((RawData!$I$2:$I$503="Desktop")*(RawData!$K$2:$K$503=4)*(RawData!$J$2:$J$503=2025)*(RawData!$G$2:$G$503)) -> 549.81 | G8: =D8+E8+F8 -> 2657.85 | H8: Stacked Area Chart
A9: 5 | B9: May | C9: 2025 | D9: =SUMPRODUCT((RawData!$I$2:$I$503="Mobile App")*(RawData!$K$2:$K$503=5)*(RawData!$J$2:$J$503=2025)*(RawData!$G$2:$G$503)) -> 1342.69 | E9: =SUMPRODUCT((RawData!$I$2:$I$503="Nespresso Boutique Pick-up")*(RawData!$K$2:$K$503=5)*(RawData!$J$2:$J$503=2025)*(RawData!$G$2:$G$503)) -> 344.28 | F9: =SUMPRODUCT((RawData!$I$2:$I$503="Desktop")*(RawData!$K$2:$K$503=5)*(RawData!$J$2:$J$503=2025)*(RawData!$G$2:$G$503)) -> 1422.41 | G9: =D9+E9+F9 -> 3109.38 | H9: Stacked Area Chart
A10: 6 | B10: Jun | C10: 2025 | D10: =SUMPRODUCT((RawData!$I$2:$I$503="Mobile App")*(RawData!$K$2:$K$503=6)*(RawData!$J$2:$J$503=2025)*(RawData!$G$2:$G$503)) -> 2002.5 | E10: =SUMPRODUCT((RawData!$I$2:$I$503="Nespresso Boutique Pick-up")*(RawData!$K$2:$K$503=6)*(RawData!$J$2:$J$503=2025)*(RawData!$G$2:$G$503)) -> 1793.12 | F10: =SUMPRODUCT((RawData!$I$2:$I$503="Desktop")*(RawData!$K$2:$K$503=6)*(RawData!$J$2:$J$503=2025)*(RawData!$G$2:$G$503)) -> 1149.99 | G10: =D10+E10+F10 -> 4945.61 | H10: Stacked Area Chart
A11: 7 | B11: Jul | C11: 2025 | D11: =SUMPRODUCT((RawData!$I$2:$I$503="Mobile App")*(RawData!$K$2:$K$503=7)*(RawData!$J$2:$J$503=2025)*(RawData!$G$2:$G$503)) -> 1662.18 | E11: =SUMPRODUCT((RawData!$I$2:$I$503="Nespresso Boutique Pick-up")*(RawData!$K$2:$K$503=7)*(RawData!$J$2:$J$503=2025)*(RawData!$G$2:$G$503)) -> 1832.9 | F11: =SUMPRODUCT((RawData!$I$2:$I$503="Desktop")*(RawData!$K$2:$K$503=7)*(RawData!$J$2:$J$503=2025)*(RawData!$G$2:$G$503)) -> 1351.5 | G11: =D11+E11+F11 -> 4846.58 | H11: Stacked Area Chart
A12: 8 | B12: Aug | C12: 2025 | D12: =SUMPRODUCT((RawData!$I$2:$I$503="Mobile App")*(RawData!$K$2:$K$503=8)*(RawData!$J$2:$J$503=2025)*(RawData!$G$2:$G$503)) -> 1753.69 | E12: =SUMPRODUCT((RawData!$I$2:$I$503="Nespresso Boutique Pick-up")*(RawData!$K$2:$K$503=8)*(RawData!$J$2:$J$503=2025)*(RawData!$G$2:$G$503)) -> 642.72 | F12: =SUMPRODUCT((RawData!$I$2:$I$503="Desktop")*(RawData!$K$2:$K$503=8)*(RawData!$J$2:$J$503=2025)*(RawData!$G$2:$G$503)) -> 582.74 | G12: =D12+E12+F12 -> 2979.15 | H12: Stacked Area Chart
A13: 9 | B13: Sep | C13: 2025 | D13: =SUMPRODUCT((RawData!$I$2:$I$503="Mobile App")*(RawData!$K$2:$K$503=9)*(RawData!$J$2:$J$503=2025)*(RawData!$G$2:$G$503)) -> 356.91 | E13: =SUMPRODUCT((RawData!$I$2:$I$503="Nespresso Boutique Pick-up")*(RawData!$K$2:$K$503=9)*(RawData!$J$2:$J$503=2025)*(RawData!$G$2:$G$503)) -> 2277.4 | F13: =SUMPRODUCT((RawData!$I$2:$I$503="Desktop")*(RawData!$K$2:$K$503=9)*(RawData!$J$2:$J$503=2025)*(RawData!$G$2:$G$503)) -> 1093.21 | G13: =D13+E13+F13 -> 3727.52 | H13: Stacked Area Chart
A14: 10 | B14: Oct | C14: 2025 | D14: =SUMPRODUCT((RawData!$I$2:$I$503="Mobile App")*(RawData!$K$2:$K$503=10)*(RawData!$J$2:$J$503=2025)*(RawData!$G$2:$G$503)) -> 1013.81 | E14: =SUMPRODUCT((RawData!$I$2:$I$503="Nespresso Boutique Pick-up")*(RawData!$K$2:$K$503=10)*(RawData!$J$2:$J$503=2025)*(RawData!$G$2:$G$503)) -> 681.4 | F14: =SUMPRODUCT((RawData!$I$2:$I$503="Desktop")*(RawData!$K$2:$K$503=10)*(RawData!$J$2:$J$503=2025)*(RawData!$G$2:$G$503)) -> 1189.55 | G14: =D14+E14+F14 -> 2884.76 | H14: Stacked Area Chart
A15: 11 | B15: Nov | C15: 2025 | D15: =SUMPRODUCT((RawData!$I$2:$I$503="Mobile App")*(RawData!$K$2:$K$503=11)*(RawData!$J$2:$J$503=2025)*(RawData!$G$2:$G$503)) -> 1645.69 | E15: =SUMPRODUCT((RawData!$I$2:$I$503="Nespresso Boutique Pick-up")*(RawData!$K$2:$K$503=11)*(RawData!$J$2:$J$503=2025)*(RawData!$G$2:$G$503)) -> 769.65 | F15: =SUMPRODUCT((RawData!$I$2:$I$503="Desktop")*(RawData!$K$2:$K$503=11)*(RawData!$J$2:$J$503=2025)*(RawData!$G$2:$G$503)) -> 1142.75 | G15: =D15+E15+F15 -> 3558.09 | H15: Stacked Area Chart
A16: 12 | B16: Dec | C16: 2025 | D16: =SUMPRODUCT((RawData!$I$2:$I$503="Mobile App")*(RawData!$K$2:$K$503=12)*(RawData!$J$2:$J$503=2025)*(RawData!$G$2:$G$503)) -> 249.05 | E16: =SUMPRODUCT((RawData!$I$2:$I$503="Nespresso Boutique Pick-up")*(RawData!$K$2:$K$503=12)*(RawData!$J$2:$J$503=2025)*(RawData!$G$2:$G$503)) -> 1485.46 | F16: =SUMPRODUCT((RawData!$I$2:$I$503="Desktop")*(RawData!$K$2:$K$503=12)*(RawData!$J$2:$J$503=2025)*(RawData!$G$2:$G$503)) -> 1480.76 | G16: =D16+E16+F16 -> 3215.27 | H16: Stacked Area Chart
A17: 1 | B17: Jan | C17: 2026 | D17: =SUMPRODUCT((RawData!$I$2:$I$503="Mobile App")*(RawData!$K$2:$K$503=1)*(RawData!$J$2:$J$503=2026)*(RawData!$G$2:$G$503)) -> 523.39 | E17: =SUMPRODUCT((RawData!$I$2:$I$503="Nespresso Boutique Pick-up")*(RawData!$K$2:$K$503=1)*(RawData!$J$2:$J$503=2026)*(RawData!$G$2:$G$503)) -> 1868.84 | F17: =SUMPRODUCT((RawData!$I$2:$I$503="Desktop")*(RawData!$K$2:$K$503=1)*(RawData!$J$2:$J$503=2026)*(RawData!$G$2:$G$503)) -> 1848.15 | G17: =D17+E17+F17 -> 4240.38 | H17: Stacked Area Chart
A18: 2 | B18: Feb | C18: 2026 | D18: =SUMPRODUCT((RawData!$I$2:$I$503="Mobile App")*(RawData!$K$2:$K$503=2)*(RawData!$J$2:$J$503=2026)*(RawData!$G$2:$G$503)) -> 408.77 | E18: =SUMPRODUCT((RawData!$I$2:$I$503="Nespresso Boutique Pick-up")*(RawData!$K$2:$K$503=2)*(RawData!$J$2:$J$503=2026)*(RawData!$G$2:$G$503)) -> 1062.26 | F18: =SUMPRODUCT((RawData!$I$2:$I$503="Desktop")*(RawData!$K$2:$K$503=2)*(RawData!$J$2:$J$503=2026)*(RawData!$G$2:$G$503)) -> 1028.37 | G18: =D18+E18+F18 -> 2499.4 | H18: Stacked Area Chart
A19: 3 | B19: Mar | C19: 2026 | D19: =SUMPRODUCT((RawData!$I$2:$I$503="Mobile App")*(RawData!$K$2:$K$503=3)*(RawData!$J$2:$J$503=2026)*(RawData!$G$2:$G$503)) -> 219.26 | E19: =SUMPRODUCT((RawData!$I$2:$I$503="Nespresso Boutique Pick-up")*(RawData!$K$2:$K$503=3)*(RawData!$J$2:$J$503=2026)*(RawData!$G$2:$G$503)) -> 234.88 | F19: =SUMPRODUCT((RawData!$I$2:$I$503="Desktop")*(RawData!$K$2:$K$503=3)*(RawData!$J$2:$J$503=2026)*(RawData!$G$2:$G$503)) -> 989.7 | G19: =D19+E19+F19 -> 1443.84 | H19: Stacked Area Chart
A21: TABLE 2 — MoM Growth % by Channel (feeds Multi-Series Line Chart)
A22: Month_Num | B22: Month_Name | C22: Year | D22: MobileApp_MoM% | E22: Boutique_MoM% | F22: Desktop_MoM% | G22: Total_MoM% | H22: Use For
A23: 1 | B23: Jan | C23: 2025 | D23: — | E23: — | F23: — | G23: — | H23: Multi-Series Line
A24: 2 | B24: Feb | C24: 2025 | D24: =IFERROR((D6-D5)/D5,"") -> 0.49932206 | E24: =IFERROR((E6-E5)/E5,"") -> 0.71079284 | F24: =IFERROR((F6-F5)/F5,"") -> -0.76945931 | G24: =IFERROR((G6-G5)/G5,"") -> -0.14413698 | H24: Multi-Series Line
A25: 3 | B25: Mar | C25: 2025 | D25: =IFERROR((D7-D6)/D6,"") -> 0.40711906 | E25: =IFERROR((E7-E6)/E6,"") -> 0.7954743 | F25: =IFERROR((F7-F6)/F6,"") -> 1.9763174 | G25: =IFERROR((G7-G6)/G6,"") -> 0.78043156 | H25: Multi-Series Line
A26: 4 | B26: Apr | C26: 2025 | D26: =IFERROR((D8-D7)/D7,"") -> -0.47733939 | E26: =IFERROR((E8-E7)/E7,"") -> -0.50303335 | F26: =IFERROR((F8-F7)/F7,"") -> -0.58453482 | G26: =IFERROR((G8-G7)/G7,"") -> -0.51305197 | H26: Multi-Series Line
A27: 5 | B27: May | C27: 2025 | D27: =IFERROR((D9-D8)/D8,"") -> 0.24136943 | E27: =IFERROR((E9-E8)/E8,"") -> -0.66458175 | F27: =IFERROR((F9-F8)/F8,"") -> 1.5870937 | G27: =IFERROR((G9-G8)/G8,"") -> 0.16988543 | H27: Multi-Series Line
A28: 6 | B28: Jun | C28: 2025 | D28: =IFERROR((D10-D9)/D9,"") -> 0.49140904 | E28: =IFERROR((E10-E9)/E9,"") -> 4.2083188 | F28: =IFERROR((F10-F9)/F9,"") -> -0.19152003 | G28: =IFERROR((G10-G9)/G9,"") -> 0.59054538 | H28: Multi-Series Line
A29: 7 | B29: Jul | C29: 2025 | D29: =IFERROR((D11-D10)/D10,"") -> -0.16994757 | E29: =IFERROR((E11-E10)/E10,"") -> 0.022184795 | F29: =IFERROR((F11-F10)/F10,"") -> 0.17522761 | G29: =IFERROR((G11-G10)/G10,"") -> -0.020023819 | H29: Multi-Series Line
A30: 8 | B30: Aug | C30: 2025 | D30: =IFERROR((D12-D11)/D11,"") -> 0.055054206 | E30: =IFERROR((E12-E11)/E11,"") -> -0.64934257 | F30: =IFERROR((F12-F11)/F11,"") -> -0.56881983 | G30: =IFERROR((G12-G11)/G11,"") -> -0.38530882 | H30: Multi-Series Line
A31: 9 | B31: Sep | C31: 2025 | D31: =IFERROR((D13-D12)/D12,"") -> -0.79648056 | E31: =IFERROR((E13-E12)/E12,"") -> 2.5433781 | F31: =IFERROR((F13-F12)/F12,"") -> 0.87598243 | G31: =IFERROR((G13-G12)/G12,"") -> 0.25120252 | H31: Multi-Series Line
A32: 10 | B32: Oct | C32: 2025 | D32: =IFERROR((D14-D13)/D13,"") -> 1.84052 | E32: =IFERROR((E14-E13)/E13,"") -> -0.70079916 | F32: =IFERROR((F14-F13)/F13,"") -> 0.088125795 | G32: =IFERROR((G14-G13)/G13,"") -> -0.22609134 | H32: Multi-Series Line
A33: 11 | B33: Nov | C33: 2025 | D33: =IFERROR((D15-D14)/D14,"") -> 0.62327261 | E33: =IFERROR((E15-E14)/E14,"") -> 0.12951277 | F33: =IFERROR((F15-F14)/F14,"") -> -0.039342609 | G33: =IFERROR((G15-G14)/G14,"") -> 0.23340937 | H33: Multi-Series Line
A34: 12 | B34: Dec | C34: 2025 | D34: =IFERROR((D16-D15)/D15,"") -> -0.8486653 | E34: =IFERROR((E16-E15)/E15,"") -> 0.93004612 | F34: =IFERROR((F16-F15)/F15,"") -> 0.29578648 | G34: =IFERROR((G16-G15)/G15,"") -> -0.096349446 | H34: Multi-Series Line
A35: 1 | B35: Jan | C35: 2026 | D35: =IFERROR((D17-D16)/D16,"") -> 1.1015459 | E35: =IFERROR((E17-E16)/E16,"") -> 0.2580884 | F35: =IFERROR((F17-F16)/F16,"") -> 0.24810908 | G35: =IFERROR((G17-G16)/G16,"") -> 0.31882548 | H35: Multi-Series Line
... A37: 3 | B37: Mar | C37: 2026 | D37: =IFERROR((D19-D18)/D18,"") -> -0.46361034 | E37: =IFERROR((E19-E18)/E18,"") -> -0.77888652 | F37: =IFERROR((F19-F18)/F18,"") -> -0.037603197 | G37: =IFERROR((G19-G18)/G18,"") -> -0.42232536 | H37: Multi-Series Line
A39: TABLE 3 — AOV by Channel (feeds Bar Chart)
A40: Channel | B40: Total_Revenue (€) | C40: Total_Orders | D40: AOV (€) | E40: Channel_Mix_% | F40: Use For
A41: Mobile App | B41: =SUMIF(RawData!$I$2:$I$503,"Mobile App",RawData!$G$2:$G$503) -> 16780.62 | C41: =COUNTIF(RawData!$I$2:$I$503,"Mobile App") -> 171 | D41: =IFERROR(B41/C41,"") -> 98.132281 | E41: =IFERROR(B41/SUM(B41:B43),"") -> 0.32138408 | F41: Bar Chart AOV
A42: Nespresso Boutique Pick-up | B42: =SUMIF(RawData!$I$2:$I$503,"Nespresso Boutique Pick-up",RawData!$G$2:$G$503) -> 17907.41 | C42: =COUNTIF(RawData!$I$2:$I$503,"Nespresso Boutique Pick-up") -> 154 | D42: =IFERROR(B42/C42,"") -> 116.28188 | E42: =IFERROR(B42/SUM(B41:B43),"") -> 0.34296448 | F42: Bar Chart AOV
A43: Desktop | B43: =SUMIF(RawData!$I$2:$I$503,"Desktop",RawData!$G$2:$G$503) -> 17525.57 | C43: =COUNTIF(RawData!$I$2:$I$503,"Desktop") -> 175 | D43: =IFERROR(B43/C43,"") -> 100.14611 | E43: =IFERROR(B43/SUM(B41:B43),"") -> 0.33565144 | F43: Bar Chart AOV
A45: TABLE 4 — KPI Cards for Page 3
A46: KPI | B46: Formula | C46: Format | D46: Interpretation
A47: Total Revenue — Mobile App | B47: =SUMIF(RawData!$I$2:$I$503,"Mobile App",RawData!$G$2:$G$503) -> 16780.62 | C47: €#,##0.00 | D47: Revenue from Mobile App channel
A48: Total Revenue — Boutique | B48: =SUMIF(RawData!$I$2:$I$503,"Nespresso Boutique Pick-up",RawData!$G$2:$G$503) -> 17907.41 | C48: €#,##0.00 | D48: Revenue from Boutique channel
A49: Total Revenue — Desktop | B49: =SUMIF(RawData!$I$2:$I$503,"Desktop",RawData!$G$2:$G$503) -> 17525.57 | C49: €#,##0.00 | D49: Revenue from Desktop channel
A50: AOV — Mobile App | B50: =IFERROR(SUMIF(RawData!$I$2:$I$503,"Mobile App",RawData!$G$2:$G$503)/COUNTIF(RawData!$I$2:$I$503,"Mobile App"),"") -> 98.132281 | C50: €#,##0.00 | D50: Avg order value on Mobile App
A51: AOV — Boutique | B51: =IFERROR(SUMIF(RawData!$I$2:$I$503,"Nespresso Boutique Pick-up",RawData!$G$2:$G$503)/COUNTIF(RawData!$I$2:$I$503,"Nespresso Boutique Pick-up"),"") -> 116.28188 | C51: €#,##0.00 | D51: Avg order value in Boutique
A52: AOV — Desktop | B52: =IFERROR(SUMIF(RawData!$I$2:$I$503,"Desktop",RawData!$G$2:$G$503)/COUNTIF(RawData!$I$2:$I$503,"Desktop"),"") -> 100.14611 | C52: €#,##0.00 | D52: Avg order value on Desktop

Sheet P4_Customer_Calcs
A1: 👥 PAGE 4 — CUSTOMER SEGMENTATION | Calculation Tables
A3: TABLE 1 — Customer Order Frequency (feeds Donut + Histogram + Pareto)
G4: ⚙️ HOW TO BUILD: This table is a helper. In column A paste all unique Customer_IDs from RawData. Column B counts their total orders. Column C counts distinct months. Column D tags New vs Returning.
A5: Customer_ID | B5: Total_Orders | C5: Type (New/Returning) | D5: Total_Revenue (€) | E5: Pareto_Rank
A6: CUST-567 | B6: =COUNTIF(RawData!$C$2:$C$503,"CUST-567") -> 1 | C6: =IF(B6>1,"Returning","New") -> New | D6: =SUMIF(RawData!$C$2:$C$503,"CUST-567",RawData!$G$2:$G$503) -> 67.5 | E6: =RANK(D6,D6:D35,0) -> 19
A7: CUST-887 | B7: =COUNTIF(RawData!$C$2:$C$503,"CUST-887") -> 3 | C7: =IF(B7>1,"Returning","New") -> Returning | D7: =SUMIF(RawData!$C$2:$C$503,"CUST-887",RawData!$G$2:$G$503) -> 285.12 | E7: =RANK(D7,D6:D35,0) -> 4 | G7: New % | H7: =COUNTIF(C6:C382,"New")/COUNTA(A6:A382) -> 0.31481481
A8: CUST-851 | B8: =COUNTIF(RawData!$C$2:$C$503,"CUST-851") -> 1 | C8: =IF(B8>1,"Returning","New") -> New | D8: =SUMIF(RawData!$C$2:$C$503,"CUST-851",RawData!$G$2:$G$503) -> 97.5 | E8: =RANK(D8,D6:D35,0) -> 15 | G8: Returning % | H8: =COUNTIF(C6:C382,"Returning")/COUNTA(A6:A382) -> 0.24074074
A9: CUST-415 | B9: =COUNTIF(RawData!$C$2:$C$503,"CUST-415") -> 2 | C9: =IF(B9>1,"Returning","New") -> Returning | D9: =SUMIF(RawData!$C$2:$C$503,"CUST-415",RawData!$G$2:$G$503) -> 111 | E9: =RANK(D9,D6:D35,0) -> 12
A10: CUST-592 | B10: =COUNTIF(RawData!$C$2:$C$503,"CUST-592") -> 1 | C10: =IF(B10>1,"Returning","New") -> New | D10: =SUMIF(RawData!$C$2:$C$503,"CUST-592",RawData!$G$2:$G$503) -> 67.5 | E10: =RANK(D10,D6:D35,0) -> 19
A11: CUST-187 | B11: =COUNTIF(RawData!$C$2:$C$503,"CUST-187") -> 1 | C11: =IF(B11>1,"Returning","New") -> New | D11: =SUMIF(RawData!$C$2:$C$503,"CUST-187",RawData!$G$2:$G$503) -> 30.68 | E11: =RANK(D11,D6:D35,0) -> 27
A12: CUST-783 | B12: =COUNTIF(RawData!$C$2:$C$503,"CUST-783") -> 1 | C12: =IF(B12>1,"Returning","New") -> New | D12: =SUMIF(RawData!$C$2:$C$503,"CUST-783",RawData!$G$2:$G$503) -> 13.5 | E12: =RANK(D12,D6:D35,0) -> 29
A13: CUST-925 | B13: =COUNTIF(RawData!$C$2:$C$503,"CUST-925") -> 2 | C13: =IF(B13>1,"Returning","New") -> Returning | D13: =SUMIF(RawData!$C$2:$C$503,"CUST-925",RawData!$G$2:$G$503) -> 512.5 | E13: =RANK(D13,D6:D35,0) -> 2
A14: CUST-586 | B14: =COUNTIF(RawData!$C$2:$C$503,"CUST-586") -> 2 | C14: =IF(B14>1,"Returning","New") -> Returning | D14: =SUMIF(RawData!$C$2:$C$503,"CUST-586",RawData!$G$2:$G$503) -> 71.34 | E14: =RANK(D14,D6:D35,0) -> 18
A15: CUST-705 | B15: =COUNTIF(RawData!$C$2:$C$503,"CUST-705") -> 2 | C15: =IF(B15>1,"Returning","New") -> Returning | D15: =SUMIF(RawData!$C$2:$C$503,"CUST-705",RawData!$G$2:$G$503) -> 132.5 | E15: =RANK(D15,D6:D35,0) -> 9 | G15: New % | H15: =SUMIF(C6:C35,"New",D6:D35) -> 1483.41
A16: CUST-425 | B16: =COUNTIF(RawData!$C$2:$C$503,"CUST-425") -> 1 | C16: =IF(B16>1,"Returning","New") -> New | D16: =SUMIF(RawData!$C$2:$C$503,"CUST-425",RawData!$G$2:$G$503) -> 13.5 | E16: =RANK(D16,D6:D35,0) -> 29 | G16: Returning % | H16: =SUMIF(C7:C36,"Returning",D7:D36) -> 2748.09
A17: CUST-111 | B17: =COUNTIF(RawData!$C$2:$C$503,"CUST-111") -> 1 | C17: =IF(B17>1,"Returning","New") -> New | D17: =SUMIF(RawData!$C$2:$C$503,"CUST-111",RawData!$G$2:$G$503) -> 99 | E17: =RANK(D17,D6:D35,0) -> 13
A18: CUST-733 | B18: =COUNTIF(RawData!$C$2:$C$503,"CUST-733") -> 1 | C18: =IF(B18>1,"Returning","New") -> New | D18: =SUMIF(RawData!$C$2:$C$503,"CUST-733",RawData!$G$2:$G$503) -> 65 | E18: =RANK(D18,D6:D35,0) -> 21
A19: CUST-716 | B19: =COUNTIF(RawData!$C$2:$C$503,"CUST-716") -> 1 | C19: =IF(B19>1,"Returning","New") -> New | D19: =SUMIF(RawData!$C$2:$C$503,"CUST-716",RawData!$G$2:$G$503) -> 499 | E19: =RANK(D19,D6:D35,0) -> 3
A20: CUST-210 | B20: =COUNTIF(RawData!$C$2:$C$503,"CUST-210") -> 2 | C20: =IF(B20>1,"Returning","New") -> Returning | D20: =SUMIF(RawData!$C$2:$C$503,"CUST-210",RawData!$G$2:$G$503) -> 126.16 | E20: =RANK(D20,D6:D35,0) -> 11
A21: CUST-984 | B21: =COUNTIF(RawData!$C$2:$C$503,"CUST-984") -> 1 | C21: =IF(B21>1,"Returning","New") -> New | D21: =SUMIF(RawData!$C$2:$C$503,"CUST-984",RawData!$G$2:$G$503) -> 19.5 | E21: =RANK(D21,D6:D35,0) -> 28
A22: CUST-215 | B22: =COUNTIF(RawData!$C$2:$C$503,"CUST-215") -> 1 | C22: =IF(B22>1,"Returning","New") -> New | D22: =SUMIF(RawData!$C$2:$C$503,"CUST-215",RawData!$G$2:$G$503) -> 45.22 | E22: =RANK(D22,D6:D35,0) -> 24
A23: CUST-539 | B23: =COUNTIF(RawData!$C$2:$C$503,"CUST-539") -> 1 | C23: =IF(B23>1,"Returning","New") -> New | D23: =SUMIF(RawData!$C$2:$C$503,"CUST-539",RawData!$G$2:$G$503) -> 78.37 | E23: =RANK(D23,D6:D35,0) -> 17
A24: CUST-442 | B24: =COUNTIF(RawData!$C$2:$C$503,"CUST-442") -> 3 | C24: =IF(B24>1,"Returning","New") -> Returning | D24: =SUMIF(RawData!$C$2:$C$503,"CUST-442",RawData!$G$2:$G$503) -> 126.58 | E24: =RANK(D24,D6:D35,0) -> 10
A25: CUST-421 | B25: =COUNTIF(RawData!$C$2:$C$503,"CUST-421") -> 1 | C25: =IF(B25>1,"Returning","New") -> New | D25: =SUMIF(RawData!$C$2:$C$503,"CUST-421",RawData!$G$2:$G$503) -> 45 | E25: =RANK(D25,D6:D35,0) -> 25
A26: CUST-958 | B26: =COUNTIF(RawData!$C$2:$C$503,"CUST-958") -> 1 | C26: =IF(B26>1,"Returning","New") -> New | D26: =SUMIF(RawData!$C$2:$C$503,"CUST-958",RawData!$G$2:$G$503) -> 32.5 | E26: =RANK(D26,D6:D35,0) -> 26
A27: CUST-889 | B27: =COUNTIF(RawData!$C$2:$C$503,"CUST-889") -> 1 | C27: =IF(B27>1,"Returning","New") -> New | D27: =SUMIF(RawData!$C$2:$C$503,"CUST-889",RawData!$G$2:$G$503) -> 99 | E27: =RANK(D27,D6:D35,0) -> 13
A28: CUST-573 | B28: =COUNTIF(RawData!$C$2:$C$503,"CUST-573") -> 3 | C28: =IF(B28>1,"Returning","New") -> Returning | D28: =SUMIF(RawData!$C$2:$C$503,"CUST-573",RawData!$G$2:$G$503) -> 611.5 | E28: =RANK(D28,D6:D35,0) -> 1
A29: CUST-361 | B29: =COUNTIF(RawData!$C$2:$C$503,"CUST-361") -> 2 | C29: =IF(B29>1,"Returning","New") -> Returning | D29: =SUMIF(RawData!$C$2:$C$503,"CUST-361",RawData!$G$2:$G$503) -> 227.21 | E29: =RANK(D29,D6:D35,0) -> 6
A30: CUST-701 | B30: =COUNTIF(RawData!$C$2:$C$503,"CUST-701") -> 2 | C30: =IF(B30>1,"Returning","New") -> Returning | D30: =SUMIF(RawData!$C$2:$C$503,"CUST-701",RawData!$G$2:$G$503) -> 55 | E30: =RANK(D30,D6:D35,0) -> 23
A31: CUST-150 | B31: =COUNTIF(RawData!$C$2:$C$503,"CUST-150") -> 1 | C31: =IF(B31>1,"Returning","New") -> New | D31: =SUMIF(RawData!$C$2:$C$503,"CUST-150",RawData!$G$2:$G$503) -> 65 | E31: =RANK(D31,D6:D35,0) -> 21
A32: CUST-766 | B32: =COUNTIF(RawData!$C$2:$C$503,"CUST-766") -> 2 | C32: =IF(B32>1,"Returning","New") -> Returning | D32: =SUMIF(RawData!$C$2:$C$503,"CUST-766",RawData!$G$2:$G$503) -> 78.5 | E32: =RANK(D32,D6:D35,0) -> 16 | G32: ⚙️ METHOD: Tag each order in RawData as New/Returning using a helper column: =IF(COUNTIFS($C$2:C2,C2,$K$2:K2,"<"&K2)>0,"Returning","New") — then SUMIFS on that tag column per month.
A33: CUST-471 | B33: =COUNTIF(RawData!$C$2:$C$503,"CUST-471") -> 3 | C33: =IF(B33>1,"Returning","New") -> Returning | D33: =SUMIF(RawData!$C$2:$C$503,"CUST-471",RawData!$G$2:$G$503) -> 162.5 | E33: =RANK(D33,D6:D35,0) -> 7
A34: CUST-607 | B34: =COUNTIF(RawData!$C$2:$C$503,"CUST-607") -> 2 | C34: =IF(B34>1,"Returning","New") -> Returning | D34: =SUMIF(RawData!$C$2:$C$503,"CUST-607",RawData!$G$2:$G$503) -> 248.18 | E34: =RANK(D34,D6:D35,0) -> 5
A35: CUST-723 | B35: =COUNTIF(RawData!$C$2:$C$503,"CUST-723") -> 1 | C35: =IF(B35>1,"Returning","New") -> New | D35: =SUMIF(RawData!$C$2:$C$503,"CUST-723",RawData!$G$2:$G$503) -> 145.64 | E35: =RANK(D35,D6:D35,0) -> 8
G36: ⚠️ NOTE: This sample shows first 30 customers. For full dataset: copy-paste all 377 unique Customer_IDs from RawData!C column (deduplicated) into column A of this sheet, then drag formulas down.
A38: TABLE 2 — New vs Returning Revenue by Month (feeds Stacked Column + Line)
A39: Month_Num | B39: Month_Name | C39: Year | D39: Returning_Rev (€) | E39: New_Rev (€) | F39: Total_Rev (€) | G39: Returning_% | H39: Use For
A40: 1 | B40: Jan | C40: 2025 | D40: {=SUMPRODUCT((RawData!$J$2:$J$503=C40)*(RawData!$K$2:$K$503=A40)*(COUNTIFS(RawData!$C$2:$C$503,RawData!$C$2:$C$503,RawData!$A$2:$A$503,"<"&RawData!$A$2:$A$503)>0)*RawData!$G$2:$G$503)} -> 0 | E40: {=SUMPRODUCT((RawData!$J$2:$J$503=C40)*(RawData!$K$2:$K$503=A40)*(COUNTIFS(RawData!$C$2:$C$503,RawData!$C$2:$C$503,RawData!$A$2:$A$503,"<"&RawData!$A$2:$A$503)=0)*RawData!$G$2:$G$503)} -> 3581.94 | F40: =D40+E40 -> 3581.94 | G40: =IFERROR(D40/F40,0) -> 0 | H40: Stacked Column
A41: 2 | B41: Feb | C41: 2025 | D41: {=SUMPRODUCT((RawData!$J$2:$J$503=C41)*(RawData!$K$2:$K$503=A41)*(COUNTIFS(RawData!$C$2:$C$503,RawData!$C$2:$C$503,RawData!$A$2:$A$503,"<"&RawData!$A$2:$A$503)>0)*RawData!$G$2:$G$503)} -> 674.73 | E41: {=SUMPRODUCT((RawData!$J$2:$J$503=C41)*(RawData!$K$2:$K$503=A41)*(COUNTIFS(RawData!$C$2:$C$503,RawData!$C$2:$C$503,RawData!$A$2:$A$503,"<"&RawData!$A$2:$A$503)=0)*RawData!$G$2:$G$503)} -> 2390.92 | F41: =D41+E41 -> 3065.65 | G41: =IFERROR(D41/F41,0) -> 0.22009362 | H41: Stacked Column
A42: 3 | B42: Mar | C42: 2025 | D42: {=SUMPRODUCT((RawData!$J$2:$J$503=C42)*(RawData!$K$2:$K$503=A42)*(COUNTIFS(RawData!$C$2:$C$503,RawData!$C$2:$C$503,RawData!$A$2:$A$503,"<"&RawData!$A$2:$A$503)>0)*RawData!$G$2:$G$503)} -> 1544.19 | E42: {=SUMPRODUCT((RawData!$J$2:$J$503=C42)*(RawData!$K$2:$K$503=A42)*(COUNTIFS(RawData!$C$2:$C$503,RawData!$C$2:$C$503,RawData!$A$2:$A$503,"<"&RawData!$A$2:$A$503)=0)*RawData!$G$2:$G$503)} -> 3913.99 | F42: =D42+E42 -> 5458.18 | G42: =IFERROR(D42/F42,0) -> 0.28291299 | H42: Stacked Column
A43: 4 | B43: Apr | C43: 2025 | D43: {=SUMPRODUCT((RawData!$J$2:$J$503=C43)*(RawData!$K$2:$K$503=A43)*(COUNTIFS(RawData!$C$2:$C$503,RawData!$C$2:$C$503,RawData!$A$2:$A$503,"<"&RawData!$A$2:$A$503)>0)*RawData!$G$2:$G$503)} -> 283.06 | E43: {=SUMPRODUCT((RawData!$J$2:$J$503=C43)*(RawData!$K$2:$K$503=A43)*(COUNTIFS(RawData!$C$2:$C$503,RawData!$C$2:$C$503,RawData!$A$2:$A$503,"<"&RawData!$A$2:$A$503)=0)*RawData!$G$2:$G$503)} -> 2374.79 | F43: =D43+E43 -> 2657.85 | G43: =IFERROR(D43/F43,0) -> 0.10649961 | H43: Stacked Column
A44: 5 | B44: May | C44: 2025 | D44: {=SUMPRODUCT((RawData!$J$2:$J$503=C44)*(RawData!$K$2:$K$503=A44)*(COUNTIFS(RawData!$C$2:$C$503,RawData!$C$2:$C$503,RawData!$A$2:$A$503,"<"&RawData!$A$2:$A$503)>0)*RawData!$G$2:$G$503)} -> 1501.18 | E44: {=SUMPRODUCT((RawData!$J$2:$J$503=C44)*(RawData!$K$2:$K$503=A44)*(COUNTIFS(RawData!$C$2:$C$503,RawData!$C$2:$C$503,RawData!$A$2:$A$503,"<"&RawData!$A$2:$A$503)=0)*RawData!$G$2:$G$503)} -> 1608.2 | F44: =D44+E44 -> 3109.38 | G44: =IFERROR(D44/F44,0) -> 0.48279078 | H44: Stacked Column
A45: 6 | B45: Jun | C45: 2025 | D45: {=SUMPRODUCT((RawData!$J$2:$J$503=C45)*(RawData!$K$2:$K$503=A45)*(COUNTIFS(RawData!$C$2:$C$503,RawData!$C$2:$C$503,RawData!$A$2:$A$503,"<"&RawData!$A$2:$A$503)>0)*RawData!$G$2:$G$503)} -> 997.73 | E45: {=SUMPRODUCT((RawData!$J$2:$J$503=C45)*(RawData!$K$2:$K$503=A45)*(COUNTIFS(RawData!$C$2:$C$503,RawData!$C$2:$C$503,RawData!$A$2:$A$503,"<"&RawData!$A$2:$A$503)=0)*RawData!$G$2:$G$503)} -> 3947.88 | F45: =D45+E45 -> 4945.61 | G45: =IFERROR(D45/F45,0) -> 0.20174053 | H45: Stacked Column
A46: 7 | B46: Jul | C46: 2025 | D46: {=SUMPRODUCT((RawData!$J$2:$J$503=C46)*(RawData!$K$2:$K$503=A46)*(COUNTIFS(RawData!$C$2:$C$503,RawData!$C$2:$C$503,RawData!$A$2:$A$503,"<"&RawData!$A$2:$A$503)>0)*RawData!$G$2:$G$503)} -> 749.3 | E46: {=SUMPRODUCT((RawData!$J$2:$J$503=C46)*(RawData!$K$2:$K$503=A46)*(COUNTIFS(RawData!$C$2:$C$503,RawData!$C$2:$C$503,RawData!$A$2:$A$503,"<"&RawData!$A$2:$A$503)=0)*RawData!$G$2:$G$503)} -> 4097.28 | F46: =D46+E46 -> 4846.58 | G46: =IFERROR(D46/F46,0) -> 0.15460387 | H46: Stacked Column
A47: 8 | B47: Aug | C47: 2025 | D47: {=SUMPRODUCT((RawData!$J$2:$J$503=C47)*(RawData!$K$2:$K$503=A47)*(COUNTIFS(RawData!$C$2:$C$503,RawData!$C$2:$C$503,RawData!$A$2:$A$503,"<"&RawData!$A$2:$A$503)>0)*RawData!$G$2:$G$503)} -> 331.04 | E47: {=SUMPRODUCT((RawData!$J$2:$J$503=C47)*(RawData!$K$2:$K$503=A47)*(COUNTIFS(RawData!$C$2:$C$503,RawData!$C$2:$C$503,RawData!$A$2:$A$503,"<"&RawData!$A$2:$A$503)=0)*RawData!$G$2:$G$503)} -> 2648.11 | F47: =D47+E47 -> 2979.15 | G47: =IFERROR(D47/F47,0) -> 0.11111894 | H47: Stacked Column
A48: 9 | B48: Sep | C48: 2025 | D48: {=SUMPRODUCT((RawData!$J$2:$J$503=C48)*(RawData!$K$2:$K$503=A48)*(COUNTIFS(RawData!$C$2:$C$503,RawData!$C$2:$C$503,RawData!$A$2:$A$503,"<"&RawData!$A$2:$A$503)>0)*RawData!$G$2:$G$503)} -> 934.85 | E48: {=SUMPRODUCT((RawData!$J$2:$J$503=C48)*(RawData!$K$2:$K$503=A48)*(COUNTIFS(RawData!$C$2:$C$503,RawData!$C$2:$C$503,RawData!$A$2:$A$503,"<"&RawData!$A$2:$A$503)=0)*RawData!$G$2:$G$503)} -> 2792.67 | F48: =D48+E48 -> 3727.52 | G48: =IFERROR(D48/F48,0) -> 0.25079678 | H48: Stacked Column
A49: 10 | B49: Oct | C49: 2025 | D49: {=SUMPRODUCT((RawData!$J$2:$J$503=C49)*(RawData!$K$2:$K$503=A49)*(COUNTIFS(RawData!$C$2:$C$503,RawData!$C$2:$C$503,RawData!$A$2:$A$503,"<"&RawData!$A$2:$A$503)>0)*RawData!$G$2:$G$503)} -> 355.33 | E49: {=SUMPRODUCT((RawData!$J$2:$J$503=C49)*(RawData!$K$2:$K$503=A49)*(COUNTIFS(RawData!$C$2:$C$503,RawData!$C$2:$C$503,RawData!$A$2:$A$503,"<"&RawData!$A$2:$A$503)=0)*RawData!$G$2:$G$503)} -> 2529.43 | F49: =D49+E49 -> 2884.76 | G49: =IFERROR(D49/F49,0) -> 0.12317489 | H49: Stacked Column
A50: 11 | B50: Nov | C50: 2025 | D50: {=SUMPRODUCT((RawData!$J$2:$J$503=C50)*(RawData!$K$2:$K$503=A50)*(COUNTIFS(RawData!$C$2:$C$503,RawData!$C$2:$C$503,RawData!$A$2:$A$503,"<"&RawData!$A$2:$A$503)>0)*RawData!$G$2:$G$503)} -> 1411.07 | E50: {=SUMPRODUCT((RawData!$J$2:$J$503=C50)*(RawData!$K$2:$K$503=A50)*(COUNTIFS(RawData!$C$2:$C$503,RawData!$C$2:$C$503,RawData!$A$2:$A$503,"<"&RawData!$A$2:$A$503)=0)*RawData!$G$2:$G$503)} -> 2147.02 | F50: =D50+E50 -> 3558.09 | G50: =IFERROR(D50/F50,0) -> 0.39658075 | H50: Stacked Column
A51: 12 | B51: Dec | C51: 2025 | D51: {=SUMPRODUCT((RawData!$J$2:$J$503=C51)*(RawData!$K$2:$K$503=A51)*(COUNTIFS(RawData!$C$2:$C$503,RawData!$C$2:$C$503,RawData!$A$2:$A$503,"<"&RawData!$A$2:$A$503)>0)*RawData!$G$2:$G$503)} -> 1064.22 | E51: {=SUMPRODUCT((RawData!$J$2:$J$503=C51)*(RawData!$K$2:$K$503=A51)*(COUNTIFS(RawData!$C$2:$C$503,RawData!$C$2:$C$503,RawData!$A$2:$A$503,"<"&RawData!$A$2:$A$503)=0)*RawData!$G$2:$G$503)} -> 2151.05 | F51: =D51+E51 -> 3215.27 | G51: =IFERROR(D51/F51,0) -> 0.33098931 | H51: Stacked Column
... A54: 3 | B54: Mar | C54: 2026 | D54: {=SUMPRODUCT((RawData!$J$2:$J$503=C54)*(RawData!$K$2:$K$503=A54)*(COUNTIFS(RawData!$C$2:$C$503,RawData!$C$2:$C$503,RawData!$A$2:$A$503,"<"&RawData!$A$2:$A$503)>0)*RawData!$G$2:$G$503)} -> 1073.2 | E54: {=SUMPRODUCT((RawData!$J$2:$J$503=C54)*(RawData!$K$2:$K$503=A54)*(COUNTIFS(RawData!$C$2:$C$503,RawData!$C$2:$C$503,RawData!$A$2:$A$503,"<"&RawData!$A$2:$A$503)=0)*RawData!$G$2:$G$503)} -> 370.64 | F54: =D54+E54 -> 1443.84 | G54: =IFERROR(D54/F54,0) -> 0.74329566 | H54: Stacked Column
A58: TABLE 3 — KPI Cards for Page 4
A59: KPI | B59: Formula | C59: Format | D59: Interpretation
A60: Total Unique Customers | B60: {=IFERROR(SUMPRODUCT(1/COUNTIF(RawData!$C$2:$C$503,RawData!$C$2:$C$503)),"")} | C60: 0 | D60: Total distinct customers in dataset
A61: Total Orders | B61: =COUNTA(RawData!$B$2:$B$503) -> 500 | C61: #,##0 | D61: Total order rows (excl. blanks)
A62: Avg Orders per Customer | B62: {=IFERROR(COUNTA(RawData!$B$2:$B$503)/SUMPRODUCT(1/COUNTIF(RawData!$C$2:$C$503,RawData!$C$2:$C$503)),"")} | C62: 0.0 | D62: Avg orders per unique customer
A63: Returning Customer Rate | B63: =IFERROR(COUNTIF(P4_Customer_Calcs!C6:C35,"Returning")/COUNTA(P4_Customer_Calcs!A6:A35),"") -> 0.43333333 | C63: 0.0% | D63: % of customers who bought more than once
A64: Revenue from Top 20% (sample) | B64: =IFERROR(SUMIF(P4_Customer_Calcs!E6:E35,"<=6",P4_Customer_Calcs!D6:D35)/SUM(P4_Customer_Calcs!D6:D35),"") -> 0.5632778 | C64: 0.0% | D64: Revenue share of top-ranked customers

Sheet P5_Regional_Calcs
A1: 🗺️ PAGE 5 — REGIONAL PERFORMANCE | Calculation Tables
A3: TABLE 1 — Revenue & AOV by Region (feeds Grouped Bar Chart)
A4: Region | B4: Total_Revenue (€) | C4: Total_Orders | D4: AOV (€) | E4: Rev_Share_% | F4: Use For
A5: Lazio | B5: =SUMIF(RawData!$H$2:$H$503,"Lazio",RawData!$G$2:$G$503) -> 7028.65 | C5: =COUNTIF(RawData!$H$2:$H$503,"Lazio") -> 73 | D5: =IFERROR(B5/C5,"") -> 96.282877 | E5: =IFERROR(B5/SUM(B5:B11),"") -> 0.1346134 | F5: Grouped Bar Chart
A6: Sicilia | B6: =SUMIF(RawData!$H$2:$H$503,"Sicilia",RawData!$G$2:$G$503) -> 10478.61 | C6: =COUNTIF(RawData!$H$2:$H$503,"Sicilia") -> 88 | D6: =IFERROR(B6/C6,"") -> 119.07511 | E6: =IFERROR(B6/SUM(B5:B11),"") -> 0.20068737 | F6: Grouped Bar Chart
A7: Veneto | B7: =SUMIF(RawData!$H$2:$H$503,"Veneto",RawData!$G$2:$G$503) -> 5831.44 | C7: =COUNTIF(RawData!$H$2:$H$503,"Veneto") -> 62 | D7: =IFERROR(B7/C7,"") -> 94.055484 | E7: =IFERROR(B7/SUM(B5:B11),"") -> 0.11168431 | F7: Grouped Bar Chart
A8: Piemonte | B8: =SUMIF(RawData!$H$2:$H$503,"Piemonte",RawData!$G$2:$G$503) -> 7658.59 | C8: =COUNTIF(RawData!$H$2:$H$503,"Piemonte") -> 78 | D8: =IFERROR(B8/C8,"") -> 98.187051 | E8: =IFERROR(B8/SUM(B5:B11),"") -> 0.14667807 | F8: Grouped Bar Chart
A9: Toscana | B9: =SUMIF(RawData!$H$2:$H$503,"Toscana",RawData!$G$2:$G$503) -> 9106.14 | C9: =COUNTIF(RawData!$H$2:$H$503,"Toscana") -> 77 | D9: =IFERROR(B9/C9,"") -> 118.26156 | E9: =IFERROR(B9/SUM(B5:B11),"") -> 0.17440169 | F9: Grouped Bar Chart
A10: Lombardia | B10: =SUMIF(RawData!$H$2:$H$503,"Lombardia",RawData!$G$2:$G$503) -> 7234.61 | C10: =COUNTIF(RawData!$H$2:$H$503,"Lombardia") -> 66 | D10: =IFERROR(B10/C10,"") -> 109.6153 | E10: =IFERROR(B10/SUM(B5:B11),"") -> 0.13855796 | F10: Grouped Bar Chart
A11: Campania | B11: =SUMIF(RawData!$H$2:$H$503,"Campania",RawData!$G$2:$G$503) -> 4875.56 | C11: =COUNTIF(RawData!$H$2:$H$503,"Campania") -> 56 | D11: =IFERROR(B11/C11,"") -> 87.063571 | E11: =IFERROR(B11/SUM(B5:B11),"") -> 0.093377204 | F11: Grouped Bar Chart
A13: TABLE 2 — Monthly Revenue by Region (feeds Small Multiples Line + MoM)
A14: Month_Num | B14: Month_Name | C14: Year | D14: Lazio | E14: Sicilia | F14: Veneto | G14: Piemonte | H14: Toscana | I14: Lombardia | J14: Campania | K14: Use For
A15: 1 | B15: Jan | C15: 2025 | D15: =SUMPRODUCT((RawData!$H$2:$H$503="Lazio")*(RawData!$K$2:$K$503=1)*(RawData!$J$2:$J$503=2025)*(RawData!$G$2:$G$503)) -> 457.57 | E15: =SUMPRODUCT((RawData!$H$2:$H$503="Sicilia")*(RawData!$K$2:$K$503=1)*(RawData!$J$2:$J$503=2025)*(RawData!$G$2:$G$503)) -> 185.18 | F15: =SUMPRODUCT((RawData!$H$2:$H$503="Veneto")*(RawData!$K$2:$K$503=1)*(RawData!$J$2:$J$503=2025)*(RawData!$G$2:$G$503)) -> 305.28 | G15: =SUMPRODUCT((RawData!$H$2:$H$503="Piemonte")*(RawData!$K$2:$K$503=1)*(RawData!$J$2:$J$503=2025)*(RawData!$G$2:$G$503)) -> 897.27 | H15: =SUMPRODUCT((RawData!$H$2:$H$503="Toscana")*(RawData!$K$2:$K$503=1)*(RawData!$J$2:$J$503=2025)*(RawData!$G$2:$G$503)) -> 941.86 | I15: =SUMPRODUCT((RawData!$H$2:$H$503="Lombardia")*(RawData!$K$2:$K$503=1)*(RawData!$J$2:$J$503=2025)*(RawData!$G$2:$G$503)) -> 399.47 | J15: =SUMPRODUCT((RawData!$H$2:$H$503="Campania")*(RawData!$K$2:$K$503=1)*(RawData!$J$2:$J$503=2025)*(RawData!$G$2:$G$503)) -> 395.31 | K15: Small Multiples Line
A16: 2 | B16: Feb | C16: 2025 | D16: =SUMPRODUCT((RawData!$H$2:$H$503="Lazio")*(RawData!$K$2:$K$503=2)*(RawData!$J$2:$J$503=2025)*(RawData!$G$2:$G$503)) -> 293.39 | E16: =SUMPRODUCT((RawData!$H$2:$H$503="Sicilia")*(RawData!$K$2:$K$503=2)*(RawData!$J$2:$J$503=2025)*(RawData!$G$2:$G$503)) -> 791.51 | F16: =SUMPRODUCT((RawData!$H$2:$H$503="Veneto")*(RawData!$K$2:$K$503=2)*(RawData!$J$2:$J$503=2025)*(RawData!$G$2:$G$503)) -> 262.5 | G16: =SUMPRODUCT((RawData!$H$2:$H$503="Piemonte")*(RawData!$K$2:$K$503=2)*(RawData!$J$2:$J$503=2025)*(RawData!$G$2:$G$503)) -> 544.33 | H16: =SUMPRODUCT((RawData!$H$2:$H$503="Toscana")*(RawData!$K$2:$K$503=2)*(RawData!$J$2:$J$503=2025)*(RawData!$G$2:$G$503)) -> 713.81 | I16: =SUMPRODUCT((RawData!$H$2:$H$503="Lombardia")*(RawData!$K$2:$K$503=2)*(RawData!$J$2:$J$503=2025)*(RawData!$G$2:$G$503)) -> 348.3 | J16: =SUMPRODUCT((RawData!$H$2:$H$503="Campania")*(RawData!$K$2:$K$503=2)*(RawData!$J$2:$J$503=2025)*(RawData!$G$2:$G$503)) -> 111.81 | K16: Small Multiples Line
A17: 3 | B17: Mar | C17: 2025 | D17: =SUMPRODUCT((RawData!$H$2:$H$503="Lazio")*(RawData!$K$2:$K$503=3)*(RawData!$J$2:$J$503=2025)*(RawData!$G$2:$G$503)) -> 709.18 | E17: =SUMPRODUCT((RawData!$H$2:$H$503="Sicilia")*(RawData!$K$2:$K$503=3)*(RawData!$J$2:$J$503=2025)*(RawData!$G$2:$G$503)) -> 912.39 | F17: =SUMPRODUCT((RawData!$H$2:$H$503="Veneto")*(RawData!$K$2:$K$503=3)*(RawData!$J$2:$J$503=2025)*(RawData!$G$2:$G$503)) -> 521.5 | G17: =SUMPRODUCT((RawData!$H$2:$H$503="Piemonte")*(RawData!$K$2:$K$503=3)*(RawData!$J$2:$J$503=2025)*(RawData!$G$2:$G$503)) -> 796 | H17: =SUMPRODUCT((RawData!$H$2:$H$503="Toscana")*(RawData!$K$2:$K$503=3)*(RawData!$J$2:$J$503=2025)*(RawData!$G$2:$G$503)) -> 284.97 | I17: =SUMPRODUCT((RawData!$H$2:$H$503="Lombardia")*(RawData!$K$2:$K$503=3)*(RawData!$J$2:$J$503=2025)*(RawData!$G$2:$G$503)) -> 1386.14 | J17: =SUMPRODUCT((RawData!$H$2:$H$503="Campania")*(RawData!$K$2:$K$503=3)*(RawData!$J$2:$J$503=2025)*(RawData!$G$2:$G$503)) -> 848 | K17: Small Multiples Line
A18: 4 | B18: Apr | C18: 2025 | D18: =SUMPRODUCT((RawData!$H$2:$H$503="Lazio")*(RawData!$K$2:$K$503=4)*(RawData!$J$2:$J$503=2025)*(RawData!$G$2:$G$503)) -> 417.64 | E18: =SUMPRODUCT((RawData!$H$2:$H$503="Sicilia")*(RawData!$K$2:$K$503=4)*(RawData!$J$2:$J$503=2025)*(RawData!$G$2:$G$503)) -> 440.14 | F18: =SUMPRODUCT((RawData!$H$2:$H$503="Veneto")*(RawData!$K$2:$K$503=4)*(RawData!$J$2:$J$503=2025)*(RawData!$G$2:$G$503)) -> 531.5 | G18: =SUMPRODUCT((RawData!$H$2:$H$503="Piemonte")*(RawData!$K$2:$K$503=4)*(RawData!$J$2:$J$503=2025)*(RawData!$G$2:$G$503)) -> 487.62 | H18: =SUMPRODUCT((RawData!$H$2:$H$503="Toscana")*(RawData!$K$2:$K$503=4)*(RawData!$J$2:$J$503=2025)*(RawData!$G$2:$G$503)) -> 243.97 | I18: =SUMPRODUCT((RawData!$H$2:$H$503="Lombardia")*(RawData!$K$2:$K$503=4)*(RawData!$J$2:$J$503=2025)*(RawData!$G$2:$G$503)) -> 156 | J18: =SUMPRODUCT((RawData!$H$2:$H$503="Campania")*(RawData!$K$2:$K$503=4)*(RawData!$J$2:$J$503=2025)*(RawData!$G$2:$G$503)) -> 380.98 | K18: Small Multiples Line
A19: 5 | B19: May | C19: 2025 | D19: =SUMPRODUCT((RawData!$H$2:$H$503="Lazio")*(RawData!$K$2:$K$503=5)*(RawData!$J$2:$J$503=2025)*(RawData!$G$2:$G$503)) -> 441.79 | E19: =SUMPRODUCT((RawData!$H$2:$H$503="Sicilia")*(RawData!$K$2:$K$503=5)*(RawData!$J$2:$J$503=2025)*(RawData!$G$2:$G$503)) -> 862.75 | F19: =SUMPRODUCT((RawData!$H$2:$H$503="Veneto")*(RawData!$K$2:$K$503=5)*(RawData!$J$2:$J$503=2025)*(RawData!$G$2:$G$503)) -> 689.5 | G19: =SUMPRODUCT((RawData!$H$2:$H$503="Piemonte")*(RawData!$K$2:$K$503=5)*(RawData!$J$2:$J$503=2025)*(RawData!$G$2:$G$503)) -> 229.29 | H19: =SUMPRODUCT((RawData!$H$2:$H$503="Toscana")*(RawData!$K$2:$K$503=5)*(RawData!$J$2:$J$503=2025)*(RawData!$G$2:$G$503)) -> 109.76 | I19: =SUMPRODUCT((RawData!$H$2:$H$503="Lombardia")*(RawData!$K$2:$K$503=5)*(RawData!$J$2:$J$503=2025)*(RawData!$G$2:$G$503)) -> 672.08 | J19: =SUMPRODUCT((RawData!$H$2:$H$503="Campania")*(RawData!$K$2:$K$503=5)*(RawData!$J$2:$J$503=2025)*(RawData!$G$2:$G$503)) -> 104.21 | K19: Small Multiples Line
A20: 6 | B20: Jun | C20: 2025 | D20: =SUMPRODUCT((RawData!$H$2:$H$503="Lazio")*(RawData!$K$2:$K$503=6)*(RawData!$J$2:$J$503=2025)*(RawData!$G$2:$G$503)) -> 827.73 | E20: =SUMPRODUCT((RawData!$H$2:$H$503="Sicilia")*(RawData!$K$2:$K$503=6)*(RawData!$J$2:$J$503=2025)*(RawData!$G$2:$G$503)) -> 664.62 | F20: =SUMPRODUCT((RawData!$H$2:$H$503="Veneto")*(RawData!$K$2:$K$503=6)*(RawData!$J$2:$J$503=2025)*(RawData!$G$2:$G$503)) -> 0 | G20: =SUMPRODUCT((RawData!$H$2:$H$503="Piemonte")*(RawData!$K$2:$K$503=6)*(RawData!$J$2:$J$503=2025)*(RawData!$G$2:$G$503)) -> 1071.07 | H20: =SUMPRODUCT((RawData!$H$2:$H$503="Toscana")*(RawData!$K$2:$K$503=6)*(RawData!$J$2:$J$503=2025)*(RawData!$G$2:$G$503)) -> 750 | I20: =SUMPRODUCT((RawData!$H$2:$H$503="Lombardia")*(RawData!$K$2:$K$503=6)*(RawData!$J$2:$J$503=2025)*(RawData!$G$2:$G$503)) -> 1050.5 | J20: =SUMPRODUCT((RawData!$H$2:$H$503="Campania")*(RawData!$K$2:$K$503=6)*(RawData!$J$2:$J$503=2025)*(RawData!$G$2:$G$503)) -> 581.69 | K20: Small Multiples Line
A21: 7 | B21: Jul | C21: 2025 | D21: =SUMPRODUCT((RawData!$H$2:$H$503="Lazio")*(RawData!$K$2:$K$503=7)*(RawData!$J$2:$J$503=2025)*(RawData!$G$2:$G$503)) -> 1486.02 | E21: =SUMPRODUCT((RawData!$H$2:$H$503="Sicilia")*(RawData!$K$2:$K$503=7)*(RawData!$J$2:$J$503=2025)*(RawData!$G$2:$G$503)) -> 1613.17 | F21: =SUMPRODUCT((RawData!$H$2:$H$503="Veneto")*(RawData!$K$2:$K$503=7)*(RawData!$J$2:$J$503=2025)*(RawData!$G$2:$G$503)) -> 204 | G21: =SUMPRODUCT((RawData!$H$2:$H$503="Piemonte")*(RawData!$K$2:$K$503=7)*(RawData!$J$2:$J$503=2025)*(RawData!$G$2:$G$503)) -> 405.95 | H21: =SUMPRODUCT((RawData!$H$2:$H$503="Toscana")*(RawData!$K$2:$K$503=7)*(RawData!$J$2:$J$503=2025)*(RawData!$G$2:$G$503)) -> 747.94 | I21: =SUMPRODUCT((RawData!$H$2:$H$503="Lombardia")*(RawData!$K$2:$K$503=7)*(RawData!$J$2:$J$503=2025)*(RawData!$G$2:$G$503)) -> 333.5 | J21: =SUMPRODUCT((RawData!$H$2:$H$503="Campania")*(RawData!$K$2:$K$503=7)*(RawData!$J$2:$J$503=2025)*(RawData!$G$2:$G$503)) -> 56 | K21: Small Multiples Line
A22: 8 | B22: Aug | C22: 2025 | D22: =SUMPRODUCT((RawData!$H$2:$H$503="Lazio")*(RawData!$K$2:$K$503=8)*(RawData!$J$2:$J$503=2025)*(RawData!$G$2:$G$503)) -> 103.54 | E22: =SUMPRODUCT((RawData!$H$2:$H$503="Sicilia")*(RawData!$K$2:$K$503=8)*(RawData!$J$2:$J$503=2025)*(RawData!$G$2:$G$503)) -> 641.63 | F22: =SUMPRODUCT((RawData!$H$2:$H$503="Veneto")*(RawData!$K$2:$K$503=8)*(RawData!$J$2:$J$503=2025)*(RawData!$G$2:$G$503)) -> 265.5 | G22: =SUMPRODUCT((RawData!$H$2:$H$503="Piemonte")*(RawData!$K$2:$K$503=8)*(RawData!$J$2:$J$503=2025)*(RawData!$G$2:$G$503)) -> 779.04 | H22: =SUMPRODUCT((RawData!$H$2:$H$503="Toscana")*(RawData!$K$2:$K$503=8)*(RawData!$J$2:$J$503=2025)*(RawData!$G$2:$G$503)) -> 319.94 | I22: =SUMPRODUCT((RawData!$H$2:$H$503="Lombardia")*(RawData!$K$2:$K$503=8)*(RawData!$J$2:$J$503=2025)*(RawData!$G$2:$G$503)) -> 769.5 | J22: =SUMPRODUCT((RawData!$H$2:$H$503="Campania")*(RawData!$K$2:$K$503=8)*(RawData!$J$2:$J$503=2025)*(RawData!$G$2:$G$503)) -> 100 | K22: Small Multiples Line
A23: 9 | B23: Sep | C23: 2025 | D23: =SUMPRODUCT((RawData!$H$2:$H$503="Lazio")*(RawData!$K$2:$K$503=9)*(RawData!$J$2:$J$503=2025)*(RawData!$G$2:$G$503)) -> 605.63 | E23: =SUMPRODUCT((RawData!$H$2:$H$503="Sicilia")*(RawData!$K$2:$K$503=9)*(RawData!$J$2:$J$503=2025)*(RawData!$G$2:$G$503)) -> 494.14 | F23: =SUMPRODUCT((RawData!$H$2:$H$503="Veneto")*(RawData!$K$2:$K$503=9)*(RawData!$J$2:$J$503=2025)*(RawData!$G$2:$G$503)) -> 762.71 | G23: =SUMPRODUCT((RawData!$H$2:$H$503="Piemonte")*(RawData!$K$2:$K$503=9)*(RawData!$J$2:$J$503=2025)*(RawData!$G$2:$G$503)) -> 326.76 | H23: =SUMPRODUCT((RawData!$H$2:$H$503="Toscana")*(RawData!$K$2:$K$503=9)*(RawData!$J$2:$J$503=2025)*(RawData!$G$2:$G$503)) -> 1038.2 | I23: =SUMPRODUCT((RawData!$H$2:$H$503="Lombardia")*(RawData!$K$2:$K$503=9)*(RawData!$J$2:$J$503=2025)*(RawData!$G$2:$G$503)) -> 326.23 | J23: =SUMPRODUCT((RawData!$H$2:$H$503="Campania")*(RawData!$K$2:$K$503=9)*(RawData!$J$2:$J$503=2025)*(RawData!$G$2:$G$503)) -> 173.85 | K23: Small Multiples Line
A24: 10 | B24: Oct | C24: 2025 | D24: =SUMPRODUCT((RawData!$H$2:$H$503="Lazio")*(RawData!$K$2:$K$503=10)*(RawData!$J$2:$J$503=2025)*(RawData!$G$2:$G$503)) -> 566.5 | E24: =SUMPRODUCT((RawData!$H$2:$H$503="Sicilia")*(RawData!$K$2:$K$503=10)*(RawData!$J$2:$J$503=2025)*(RawData!$G$2:$G$503)) -> 505.92 | F24: =SUMPRODUCT((RawData!$H$2:$H$503="Veneto")*(RawData!$K$2:$K$503=10)*(RawData!$J$2:$J$503=2025)*(RawData!$G$2:$G$503)) -> 488.03 | G24: =SUMPRODUCT((RawData!$H$2:$H$503="Piemonte")*(RawData!$K$2:$K$503=10)*(RawData!$J$2:$J$503=2025)*(RawData!$G$2:$G$503)) -> 171.5 | H24: =SUMPRODUCT((RawData!$H$2:$H$503="Toscana")*(RawData!$K$2:$K$503=10)*(RawData!$J$2:$J$503=2025)*(RawData!$G$2:$G$503)) -> 440.27 | I24: =SUMPRODUCT((RawData!$H$2:$H$503="Lombardia")*(RawData!$K$2:$K$503=10)*(RawData!$J$2:$J$503=2025)*(RawData!$G$2:$G$503)) -> 380.51 | J24: =SUMPRODUCT((RawData!$H$2:$H$503="Campania")*(RawData!$K$2:$K$503=10)*(RawData!$J$2:$J$503=2025)*(RawData!$G$2:$G$503)) -> 332.03 | K24: Small Multiples Line
A25: 11 | B25: Nov | C25: 2025 | D25: =SUMPRODUCT((RawData!$H$2:$H$503="Lazio")*(RawData!$K$2:$K$503=11)*(RawData!$J$2:$J$503=2025)*(RawData!$G$2:$G$503)) -> 76.07 | E25: =SUMPRODUCT((RawData!$H$2:$H$503="Sicilia")*(RawData!$K$2:$K$503=11)*(RawData!$J$2:$J$503=2025)*(RawData!$G$2:$G$503)) -> 345.5 | F25: =SUMPRODUCT((RawData!$H$2:$H$503="Veneto")*(RawData!$K$2:$K$503=11)*(RawData!$J$2:$J$503=2025)*(RawData!$G$2:$G$503)) -> 647.73 | G25: =SUMPRODUCT((RawData!$H$2:$H$503="Piemonte")*(RawData!$K$2:$K$503=11)*(RawData!$J$2:$J$503=2025)*(RawData!$G$2:$G$503)) -> 737.02 | H25: =SUMPRODUCT((RawData!$H$2:$H$503="Toscana")*(RawData!$K$2:$K$503=11)*(RawData!$J$2:$J$503=2025)*(RawData!$G$2:$G$503)) -> 1187.45 | I25: =SUMPRODUCT((RawData!$H$2:$H$503="Lombardia")*(RawData!$K$2:$K$503=11)*(RawData!$J$2:$J$503=2025)*(RawData!$G$2:$G$503)) -> 329 | J25: =SUMPRODUCT((RawData!$H$2:$H$503="Campania")*(RawData!$K$2:$K$503=11)*(RawData!$J$2:$J$503=2025)*(RawData!$G$2:$G$503)) -> 235.32 | K25: Small Multiples Line
A26: 12 | B26: Dec | C26: 2025 | D26: =SUMPRODUCT((RawData!$H$2:$H$503="Lazio")*(RawData!$K$2:$K$503=12)*(RawData!$J$2:$J$503=2025)*(RawData!$G$2:$G$503)) -> 166 | E26: =SUMPRODUCT((RawData!$H$2:$H$503="Sicilia")*(RawData!$K$2:$K$503=12)*(RawData!$J$2:$J$503=2025)*(RawData!$G$2:$G$503)) -> 1182.78 | F26: =SUMPRODUCT((RawData!$H$2:$H$503="Veneto")*(RawData!$K$2:$K$503=12)*(RawData!$J$2:$J$503=2025)*(RawData!$G$2:$G$503)) -> 248.74 | G26: =SUMPRODUCT((RawData!$H$2:$H$503="Piemonte")*(RawData!$K$2:$K$503=12)*(RawData!$J$2:$J$503=2025)*(RawData!$G$2:$G$503)) -> 202.94 | H26: =SUMPRODUCT((RawData!$H$2:$H$503="Toscana")*(RawData!$K$2:$K$503=12)*(RawData!$J$2:$J$503=2025)*(RawData!$G$2:$G$503)) -> 714.54 | I26: =SUMPRODUCT((RawData!$H$2:$H$503="Lombardia")*(RawData!$K$2:$K$503=12)*(RawData!$J$2:$J$503=2025)*(RawData!$G$2:$G$503)) -> 117 | J26: =SUMPRODUCT((RawData!$H$2:$H$503="Campania")*(RawData!$K$2:$K$503=12)*(RawData!$J$2:$J$503=2025)*(RawData!$G$2:$G$503)) -> 583.27 | K26: Small Multiples Line
A27: 1 | B27: Jan | C27: 2026 | D27: =SUMPRODUCT((RawData!$H$2:$H$503="Lazio")*(RawData!$K$2:$K$503=1)*(RawData!$J$2:$J$503=2026)*(RawData!$G$2:$G$503)) -> 553 | E27: =SUMPRODUCT((RawData!$H$2:$H$503="Sicilia")*(RawData!$K$2:$K$503=1)*(RawData!$J$2:$J$503=2026)*(RawData!$G$2:$G$503)) -> 1186 | F27: =SUMPRODUCT((RawData!$H$2:$H$503="Veneto")*(RawData!$K$2:$K$503=1)*(RawData!$J$2:$J$503=2026)*(RawData!$G$2:$G$503)) -> 671.77 | G27: =SUMPRODUCT((RawData!$H$2:$H$503="Piemonte")*(RawData!$K$2:$K$503=1)*(RawData!$J$2:$J$503=2026)*(RawData!$G$2:$G$503)) -> 778.96 | H27: =SUMPRODUCT((RawData!$H$2:$H$503="Toscana")*(RawData!$K$2:$K$503=1)*(RawData!$J$2:$J$503=2026)*(RawData!$G$2:$G$503)) -> 580 | I27: =SUMPRODUCT((RawData!$H$2:$H$503="Lombardia")*(RawData!$K$2:$K$503=1)*(RawData!$J$2:$J$503=2026)*(RawData!$G$2:$G$503)) -> 118.5 | J27: =SUMPRODUCT((RawData!$H$2:$H$503="Campania")*(RawData!$K$2:$K$503=1)*(RawData!$J$2:$J$503=2026)*(RawData!$G$2:$G$503)) -> 352.15 | K27: Small Multiples Line
A28: 2 | B28: Feb | C28: 2026 | D28: =SUMPRODUCT((RawData!$H$2:$H$503="Lazio")*(RawData!$K$2:$K$503=2)*(RawData!$J$2:$J$503=2026)*(RawData!$G$2:$G$503)) -> 179.39 | E28: =SUMPRODUCT((RawData!$H$2:$H$503="Sicilia")*(RawData!$K$2:$K$503=2)*(RawData!$J$2:$J$503=2026)*(RawData!$G$2:$G$503)) -> 524.84 | F28: =SUMPRODUCT((RawData!$H$2:$H$503="Veneto")*(RawData!$K$2:$K$503=2)*(RawData!$J$2:$J$503=2026)*(RawData!$G$2:$G$503)) -> 232.68 | G28: =SUMPRODUCT((RawData!$H$2:$H$503="Piemonte")*(RawData!$K$2:$K$503=2)*(RawData!$J$2:$J$503=2026)*(RawData!$G$2:$G$503)) -> 133.34 | H28: =SUMPRODUCT((RawData!$H$2:$H$503="Toscana")*(RawData!$K$2:$K$503=2)*(RawData!$J$2:$J$503=2026)*(RawData!$G$2:$G$503)) -> 934.43 | I28: =SUMPRODUCT((RawData!$H$2:$H$503="Lombardia")*(RawData!$K$2:$K$503=2)*(RawData!$J$2:$J$503=2026)*(RawData!$G$2:$G$503)) -> 211.5 | J28: =SUMPRODUCT((RawData!$H$2:$H$503="Campania")*(RawData!$K$2:$K$503=2)*(RawData!$J$2:$J$503=2026)*(RawData!$G$2:$G$503)) -> 283.22 | K28: Small Multiples Line
A29: 3 | B29: Mar | C29: 2026 | D29: =SUMPRODUCT((RawData!$H$2:$H$503="Lazio")*(RawData!$K$2:$K$503=3)*(RawData!$J$2:$J$503=2026)*(RawData!$G$2:$G$503)) -> 145.2 | E29: =SUMPRODUCT((RawData!$H$2:$H$503="Sicilia")*(RawData!$K$2:$K$503=3)*(RawData!$J$2:$J$503=2026)*(RawData!$G$2:$G$503)) -> 128.04 | F29: =SUMPRODUCT((RawData!$H$2:$H$503="Veneto")*(RawData!$K$2:$K$503=3)*(RawData!$J$2:$J$503=2026)*(RawData!$G$2:$G$503)) -> 0 | G29: =SUMPRODUCT((RawData!$H$2:$H$503="Piemonte")*(RawData!$K$2:$K$503=3)*(RawData!$J$2:$J$503=2026)*(RawData!$G$2:$G$503)) -> 97.5 | H29: =SUMPRODUCT((RawData!$H$2:$H$503="Toscana")*(RawData!$K$2:$K$503=3)*(RawData!$J$2:$J$503=2026)*(RawData!$G$2:$G$503)) -> 99 | I29: =SUMPRODUCT((RawData!$H$2:$H$503="Lombardia")*(RawData!$K$2:$K$503=3)*(RawData!$J$2:$J$503=2026)*(RawData!$G$2:$G$503)) -> 636.38 | J29: =SUMPRODUCT((RawData!$H$2:$H$503="Campania")*(RawData!$K$2:$K$503=3)*(RawData!$J$2:$J$503=2026)*(RawData!$G$2:$G$503)) -> 337.72 | K29: Small Multiples Line
A31: TABLE 3 — MoM Growth % by Region (feeds Small Multiples Line — % view)
A32: Month_Num | B32: Month_Name | C32: Year | D32: Lazio_MoM% | E32: Sicilia_MoM% | F32: Veneto_MoM% | G32: Piemonte_MoM% | H32: Toscana_MoM% | I32: Lombardia_MoM% | J32: Campania_MoM% | K32: Use For
A33: 1 | B33: Jan | C33: 2025 | D33: — | E33: — | F33: — | G33: — | H33: — | I33: — | J33: — | K33: MoM Line Chart
A34: 2 | B34: Feb | C34: 2025 | D34: =IFERROR((D16-D15)/D15,"") -> -0.35880849 | E34: =IFERROR((E16-E15)/E15,"") -> 3.2742737 | F34: =IFERROR((F16-F15)/F15,"") -> -0.14013365 | G34: =IFERROR((G16-G15)/G15,"") -> -0.39334871 | H34: =IFERROR((H16-H15)/H15,"") -> -0.24212728 | I34: =IFERROR((I16-I15)/I15,"") -> -0.12809473 | J34: =IFERROR((J16-J15)/J15,"") -> -0.71715869 | K34: MoM Line Chart
A35: 3 | B35: Mar | C35: 2025 | D35: =IFERROR((D17-D16)/D16,"") -> 1.4171921 | E35: =IFERROR((E17-E16)/E16,"") -> 0.15272075 | F35: =IFERROR((F17-F16)/F16,"") -> 0.98666667 | G35: =IFERROR((G17-G16)/G16,"") -> 0.46234821 | H35: =IFERROR((H17-H16)/H16,"") -> -0.60077612 | I35: =IFERROR((I17-I16)/I16,"") -> 2.9797301 | J35: =IFERROR((J17-J16)/J16,"") -> 6.5842948 | K35: MoM Line Chart
A36: 4 | B36: Apr | C36: 2025 | D36: =IFERROR((D18-D17)/D17,"") -> -0.4110945 | E36: =IFERROR((E18-E17)/E17,"") -> -0.51759664 | F36: =IFERROR((F18-F17)/F17,"") -> 0.019175455 | G36: =IFERROR((G18-G17)/G17,"") -> -0.38741206 | H36: =IFERROR((H18-H17)/H17,"") -> -0.14387479 | I36: =IFERROR((I18-I17)/I17,"") -> -0.88745726 | J36: =IFERROR((J18-J17)/J17,"") -> -0.55073113 | K36: MoM Line Chart
A37: 5 | B37: May | C37: 2025 | D37: =IFERROR((D19-D18)/D18,"") -> 0.057824921 | E37: =IFERROR((E19-E18)/E18,"") -> 0.96017176 | F37: =IFERROR((F19-F18)/F18,"") -> 0.29727187 | G37: =IFERROR((G19-G18)/G18,"") -> -0.52977729 | H37: =IFERROR((H19-H18)/H18,"") -> -0.55010862 | I37: =IFERROR((I19-I18)/I18,"") -> 3.3082051 | J37: =IFERROR((J19-J18)/J18,"") -> -0.72646858 | K37: MoM Line Chart
A38: 6 | B38: Jun | C38: 2025 | D38: =IFERROR((D20-D19)/D19,"") -> 0.87358247 | E38: =IFERROR((E20-E19)/E19,"") -> -0.22964938 | F38: =IFERROR((F20-F19)/F19,"") -> -1 | G38: =IFERROR((G20-G19)/G19,"") -> 3.671246 | H38: =IFERROR((H20-H19)/H19,"") -> 5.8330904 | I38: =IFERROR((I20-I19)/I19,"") -> 0.56305797 | J38: =IFERROR((J20-J19)/J19,"") -> 4.5819019 | K38: MoM Line Chart
A39: 7 | B39: Jul | C39: 2025 | D39: =IFERROR((D21-D20)/D20,"") -> 0.79529557 | E39: =IFERROR((E21-E20)/E20,"") -> 1.4272065 | F39: =IFERROR((F21-F20)/F20,"") | G39: =IFERROR((G21-G20)/G20,"") -> -0.62098649 | H39: =IFERROR((H21-H20)/H20,"") -> -0.0027466667 | I39: =IFERROR((I21-I20)/I20,"") -> -0.68253213 | J39: =IFERROR((J21-J20)/J20,"") -> -0.90372879 | K39: MoM Line Chart
A40: 8 | B40: Aug | C40: 2025 | D40: =IFERROR((D22-D21)/D21,"") -> -0.93032395 | E40: =IFERROR((E22-E21)/E21,"") -> -0.60225519 | F40: =IFERROR((F22-F21)/F21,"") -> 0.30147059 | G40: =IFERROR((G22-G21)/G21,"") -> 0.91905407 | H40: =IFERROR((H22-H21)/H21,"") -> -0.57223841 | I40: =IFERROR((I22-I21)/I21,"") -> 1.3073463 | J40: =IFERROR((J22-J21)/J21,"") -> 0.78571429 | K40: MoM Line Chart
A41: 9 | B41: Sep | C41: 2025 | D41: =IFERROR((D23-D22)/D22,"") -> 4.849237 | E41: =IFERROR((E23-E22)/E22,"") -> -0.22986768 | F41: =IFERROR((F23-F22)/F22,"") -> 1.8727307 | G41: =IFERROR((G23-G22)/G22,"") -> -0.58056069 | H41: =IFERROR((H23-H22)/H22,"") -> 2.2449834 | I41: =IFERROR((I23-I22)/I22,"") -> -0.57604938 | J41: =IFERROR((J23-J22)/J22,"") -> 0.7385 | K41: MoM Line Chart
A42: 10 | B42: Oct | C42: 2025 | D42: =IFERROR((D24-D23)/D23,"") -> -0.064610406 | E42: =IFERROR((E24-E23)/E23,"") -> 0.023839398 | F42: =IFERROR((F24-F23)/F23,"") -> -0.36013688 | G42: =IFERROR((G24-G23)/G23,"") -> -0.47514996 | H42: =IFERROR((H24-H23)/H23,"") -> -0.57592949 | I42: =IFERROR((I24-I23)/I23,"") -> 0.16638568 | J42: =IFERROR((J24-J23)/J23,"") -> 0.90986483 | K42: MoM Line Chart
A43: 11 | B43: Nov | C43: 2025 | D43: =IFERROR((D25-D24)/D24,"") -> -0.86571933 | E43: =IFERROR((E25-E24)/E24,"") -> -0.31708571 | F43: =IFERROR((F25-F24)/F24,"") -> 0.32723398 | G43: =IFERROR((G25-G24)/G24,"") -> 3.2974927 | H43: =IFERROR((H25-H24)/H24,"") -> 1.697095 | I43: =IFERROR((I25-I24)/I24,"") -> -0.13537095 | J43: =IFERROR((J25-J24)/J24,"") -> -0.29126886 | K43: MoM Line Chart
A44: 12 | B44: Dec | C44: 2025 | D44: =IFERROR((D26-D25)/D25,"") -> 1.1822006 | E44: =IFERROR((E26-E25)/E25,"") -> 2.4233864 | F44: =IFERROR((F26-F25)/F25,"") -> -0.61598197 | G44: =IFERROR((G26-G25)/G25,"") -> -0.72464791 | H44: =IFERROR((H26-H25)/H25,"") -> -0.39825677 | I44: =IFERROR((I26-I25)/I25,"") -> -0.6443769 | J44: =IFERROR((J26-J25)/J25,"") -> 1.4786249 | K44: MoM Line Chart
A45: 1 | B45: Jan | C45: 2026 | D45: =IFERROR((D27-D26)/D26,"") -> 2.3313253 | E45: =IFERROR((E27-E26)/E26,"") -> 0.0027223998 | F45: =IFERROR((F27-F26)/F26,"") -> 1.7006915 | G45: =IFERROR((G27-G26)/G26,"") -> 2.8383759 | H45: =IFERROR((H27-H26)/H26,"") -> -0.18828897 | I45: =IFERROR((I27-I26)/I26,"") -> 0.012820513 | J45: =IFERROR((J27-J26)/J26,"") -> -0.39624874 | K45: MoM Line Chart
... A47: 3 | B47: Mar | C47: 2026 | D47: =IFERROR((D29-D28)/D28,"") -> -0.19059033 | E47: =IFERROR((E29-E28)/E28,"") -> -0.75603994 | F47: =IFERROR((F29-F28)/F28,"") -> -1 | G47: =IFERROR((G29-G28)/G28,"") -> -0.26878656 | H47: =IFERROR((H29-H28)/H28,"") -> -0.89405306 | I47: =IFERROR((I29-I28)/I28,"") -> 2.0088889 | J47: =IFERROR((J29-J28)/J28,"") -> 0.19242991 | K47: MoM Line Chart
A49: TABLE 4 — Category Mix per Region (feeds 100% Stacked Bar)
A50: Region | B50: Capsules (Original) | C50: Capsules (Vertuo) | D50: Accessories | E50: Machines | F50: Total (€) | G50: Use For
A51: Lazio | B51: =SUMPRODUCT((RawData!$H$2:$H$503="Lazio")*(RawData!$D$2:$D$503="Capsules (Original)")*(RawData!$G$2:$G$503)) -> 706.5 | C51: =SUMPRODUCT((RawData!$H$2:$H$503="Lazio")*(RawData!$D$2:$D$503="Capsules (Vertuo)")*(RawData!$G$2:$G$503)) -> 1001 | D51: =SUMPRODUCT((RawData!$H$2:$H$503="Lazio")*(RawData!$D$2:$D$503="Accessories")*(RawData!$G$2:$G$503)) -> 1732.15 | E51: =SUMPRODUCT((RawData!$H$2:$H$503="Lazio")*(RawData!$D$2:$D$503="Machines")*(RawData!$G$2:$G$503)) -> 3589 | F51: =SUM(B51:E51) -> 7028.65 | G51: 100% Stacked Bar
A52: Sicilia | B52: =SUMPRODUCT((RawData!$H$2:$H$503="Sicilia")*(RawData!$D$2:$D$503="Capsules (Original)")*(RawData!$G$2:$G$503)) -> 819 | C52: =SUMPRODUCT((RawData!$H$2:$H$503="Sicilia")*(RawData!$D$2:$D$503="Capsules (Vertuo)")*(RawData!$G$2:$G$503)) -> 923 | D52: =SUMPRODUCT((RawData!$H$2:$H$503="Sicilia")*(RawData!$D$2:$D$503="Accessories")*(RawData!$G$2:$G$503)) -> 2211.61 | E52: =SUMPRODUCT((RawData!$H$2:$H$503="Sicilia")*(RawData!$D$2:$D$503="Machines")*(RawData!$G$2:$G$503)) -> 6525 | F52: =SUM(B52:E52) -> 10478.61 | G52: 100% Stacked Bar
A53: Veneto | B53: =SUMPRODUCT((RawData!$H$2:$H$503="Veneto")*(RawData!$D$2:$D$503="Capsules (Original)")*(RawData!$G$2:$G$503)) -> 445.5 | C53: =SUMPRODUCT((RawData!$H$2:$H$503="Veneto")*(RawData!$D$2:$D$503="Capsules (Vertuo)")*(RawData!$G$2:$G$503)) -> 936 | D53: =SUMPRODUCT((RawData!$H$2:$H$503="Veneto")*(RawData!$D$2:$D$503="Accessories")*(RawData!$G$2:$G$503)) -> 1465.94 | E53: =SUMPRODUCT((RawData!$H$2:$H$503="Veneto")*(RawData!$D$2:$D$503="Machines")*(RawData!$G$2:$G$503)) -> 2984 | F53: =SUM(B53:E53) -> 5831.44 | G53: 100% Stacked Bar
A54: Piemonte | B54: =SUMPRODUCT((RawData!$H$2:$H$503="Piemonte")*(RawData!$D$2:$D$503="Capsules (Original)")*(RawData!$G$2:$G$503)) -> 814.5 | C54: =SUMPRODUCT((RawData!$H$2:$H$503="Piemonte")*(RawData!$D$2:$D$503="Capsules (Vertuo)")*(RawData!$G$2:$G$503)) -> 949 | D54: =SUMPRODUCT((RawData!$H$2:$H$503="Piemonte")*(RawData!$D$2:$D$503="Accessories")*(RawData!$G$2:$G$503)) -> 2263.09 | E54: =SUMPRODUCT((RawData!$H$2:$H$503="Piemonte")*(RawData!$D$2:$D$503="Machines")*(RawData!$G$2:$G$503)) -> 3632 | F54: =SUM(B54:E54) -> 7658.59 | G54: 100% Stacked Bar
A55: Toscana | B55: =SUMPRODUCT((RawData!$H$2:$H$503="Toscana")*(RawData!$D$2:$D$503="Capsules (Original)")*(RawData!$G$2:$G$503)) -> 477 | C55: =SUMPRODUCT((RawData!$H$2:$H$503="Toscana")*(RawData!$D$2:$D$503="Capsules (Vertuo)")*(RawData!$G$2:$G$503)) -> 832 | D55: =SUMPRODUCT((RawData!$H$2:$H$503="Toscana")*(RawData!$D$2:$D$503="Accessories")*(RawData!$G$2:$G$503)) -> 1573.14 | E55: =SUMPRODUCT((RawData!$H$2:$H$503="Toscana")*(RawData!$D$2:$D$503="Machines")*(RawData!$G$2:$G$503)) -> 6224 | F55: =SUM(B55:E55) -> 9106.14 | G55: 100% Stacked Bar
A56: Lombardia | B56: =SUMPRODUCT((RawData!$H$2:$H$503="Lombardia")*(RawData!$D$2:$D$503="Capsules (Original)")*(RawData!$G$2:$G$503)) -> 657 | C56: =SUMPRODUCT((RawData!$H$2:$H$503="Lombardia")*(RawData!$D$2:$D$503="Capsules (Vertuo)")*(RawData!$G$2:$G$503)) -> 799.5 | D56: =SUMPRODUCT((RawData!$H$2:$H$503="Lombardia")*(RawData!$D$2:$D$503="Accessories")*(RawData!$G$2:$G$503)) -> 798.11 | E56: =SUMPRODUCT((RawData!$H$2:$H$503="Lombardia")*(RawData!$D$2:$D$503="Machines")*(RawData!$G$2:$G$503)) -> 4980 | F56: =SUM(B56:E56) -> 7234.61 | G56: 100% Stacked Bar
A57: Campania | B57: =SUMPRODUCT((RawData!$H$2:$H$503="Campania")*(RawData!$D$2:$D$503="Capsules (Original)")*(RawData!$G$2:$G$503)) -> 468 | C57: =SUMPRODUCT((RawData!$H$2:$H$503="Campania")*(RawData!$D$2:$D$503="Capsules (Vertuo)")*(RawData!$G$2:$G$503)) -> 851.5 | D57: =SUMPRODUCT((RawData!$H$2:$H$503="Campania")*(RawData!$D$2:$D$503="Accessories")*(RawData!$G$2:$G$503)) -> 1166.06 | E57: =SUMPRODUCT((RawData!$H$2:$H$503="Campania")*(RawData!$D$2:$D$503="Machines")*(RawData!$G$2:$G$503)) -> 2390 | F57: =SUM(B57:E57) -> 4875.56 | G57: 100% Stacked Bar

Sheet P6_Anomaly_Calcs
A1: ⚡ PAGE 6 — ANOMALY & TREND RADAR | Calculation Tables
A3: TABLE 1 — Daily Revenue + Z-Score (feeds Annotated Line Chart)
A4: Date | B4: Daily_Revenue (€) | C4: Rolling7_Avg (€) | D4: Rolling7_StdDev | E4: Upper_Band (€) | F4: Lower_Band (€) | G4: Z_Score | H4: Anomaly_Flag
A5: 45658 | B5: =SUMPRODUCT((RawData!$A$2:$A$503=A5)*(RawData!$G$2:$G$503)) -> 184.09 | C5: — | D5: — | E5: — | F5: — | G5: — | H5: —
A6: 45659 | B6: =SUMPRODUCT((RawData!$A$2:$A$503=A6)*(RawData!$G$2:$G$503)) -> 87.65 | C6: — | D6: — | E6: — | F6: — | G6: — | H6: —
A7: 45660 | B7: =SUMPRODUCT((RawData!$A$2:$A$503=A7)*(RawData!$G$2:$G$503)) -> 19.5 | C7: — | D7: — | E7: — | F7: — | G7: — | H7: —
A8: 45661 | B8: =SUMPRODUCT((RawData!$A$2:$A$503=A8)*(RawData!$G$2:$G$503)) -> 165 | C8: — | D8: — | E8: — | F8: — | G8: — | H8: —
A9: 45662 | B9: =SUMPRODUCT((RawData!$A$2:$A$503=A9)*(RawData!$G$2:$G$503)) -> 52.66 | C9: — | D9: — | E9: — | F9: — | G9: — | H9: —
A10: 45663 | B10: =SUMPRODUCT((RawData!$A$2:$A$503=A10)*(RawData!$G$2:$G$503)) -> 596.5 | C10: — | D10: — | E10: — | F10: — | G10: — | H10: —
A11: 45664 | B11: =SUMPRODUCT((RawData!$A$2:$A$503=A11)*(RawData!$G$2:$G$503)) -> 609.13 | C11: =AVERAGE(B5:B11) -> 244.93286 | D11: =STDEV(B5:B11) -> 251.28233 | E11: =C11+1.5*D11 -> 621.85635 | F11: =C11-1.5*D11 -> -131.99064 | G11: =IFERROR((B11-AVERAGE($B$5:$B$313))/STDEV($B$5:$B$313),"") -> 2.4665556 | H11: =IF(ABS(G11)>2,"⚠️ ANOMALY","") -> ⚠️ ANOMALY
A12: 45665 | B12: =SUMPRODUCT((RawData!$A$2:$A$503=A12)*(RawData!$G$2:$G$503)) -> 113.31 | C12: =AVERAGE(B6:B12) -> 234.82143 | D12: =STDEV(B6:B12) -> 255.52687 | E12: =C12+1.5*D12 -> 618.11173 | F12: =C12-1.5*D12 -> -148.46888 | G12: =IFERROR((B12-AVERAGE($B$5:$B$313))/STDEV($B$5:$B$313),"") -> -0.31194407 | H12: =IF(ABS(G12)>2,"⚠️ ANOMALY","")
A13: 45668 | B13: =SUMPRODUCT((RawData!$A$2:$A$503=A13)*(RawData!$G$2:$G$503)) -> 78.5 | C13: =AVERAGE(B7:B13) -> 233.51429 | D13: =STDEV(B7:B13) -> 256.42702 | E13: =C13+1.5*D13 -> 618.15481 | F13: =C13-1.5*D13 -> -151.12624 | G13: =IFERROR((B13-AVERAGE($B$5:$B$313))/STDEV($B$5:$B$313),"") -> -0.507014 | H13: =IF(ABS(G13)>2,"⚠️ ANOMALY","")
A14: 45670 | B14: =SUMPRODUCT((RawData!$A$2:$A$503=A14)*(RawData!$G$2:$G$503)) -> 162.5 | C14: =AVERAGE(B8:B14) -> 253.94286 | D14: =STDEV(B8:B14) -> 241.81553 | E14: =C14+1.5*D14 -> 616.66616 | F14: =C14-1.5*D14 -> -108.78044 | G14: =IFERROR((B14-AVERAGE($B$5:$B$313))/STDEV($B$5:$B$313),"") -> -0.036290807 | H14: =IF(ABS(G14)>2,"⚠️ ANOMALY","")
A15: 45671 | B15: =SUMPRODUCT((RawData!$A$2:$A$503=A15)*(RawData!$G$2:$G$503)) -> 36 | C15: =AVERAGE(B9:B15) -> 235.51429 | D15: =STDEV(B9:B15) -> 254.31591 | E15: =C15+1.5*D15 -> 616.98815 | F15: =C15-1.5*D15 -> -145.95958 | G15: =IFERROR((B15-AVERAGE($B$5:$B$313))/STDEV($B$5:$B$313),"") -> -0.74517753 | H15: =IF(ABS(G15)>2,"⚠️ ANOMALY","")
A16: 45674 | B16: =SUMPRODUCT((RawData!$A$2:$A$503=A16)*(RawData!$G$2:$G$503)) -> 56.05 | C16: =AVERAGE(B10:B16) -> 235.99857 | D16: =STDEV(B10:B16) -> 253.91258 | E16: =C16+1.5*D16 -> 616.86744 | F16: =C16-1.5*D16 -> -144.8703 | G16: =IFERROR((B16-AVERAGE($B$5:$B$313))/STDEV($B$5:$B$313),"") -> -0.63282038 | H16: =IF(ABS(G16)>2,"⚠️ ANOMALY","")
A17: 45675 | B17: =SUMPRODUCT((RawData!$A$2:$A$503=A17)*(RawData!$G$2:$G$503)) -> 131.5 | C17: =AVERAGE(B11:B17) -> 169.57 | D17: =STDEV(B11:B17) -> 198.7037 | E17: =C17+1.5*D17 -> 467.62556 | F17: =C17-1.5*D17 -> -128.48556 | G17: =IFERROR((B17-AVERAGE($B$5:$B$313))/STDEV($B$5:$B$313),"") -> -0.21001008 | H17: =IF(ABS(G17)>2,"⚠️ ANOMALY","")
A18: 45676 | B18: =SUMPRODUCT((RawData!$A$2:$A$503=A18)*(RawData!$G$2:$G$503)) -> 55.78 | C18: =AVERAGE(B12:B18) -> 90.52 | D18: =STDEV(B12:B18) -> 46.353397 | E18: =C18+1.5*D18 -> 160.05009 | F18: =C18-1.5*D18 -> 20.989905 | G18: =IFERROR((B18-AVERAGE($B$5:$B$313))/STDEV($B$5:$B$313),"") -> -0.63433342 | H18: =IF(ABS(G18)>2,"⚠️ ANOMALY","")
A19: 45677 | B19: =SUMPRODUCT((RawData!$A$2:$A$503=A19)*(RawData!$G$2:$G$503)) -> 90.23 | C19: =AVERAGE(B13:B19) -> 87.222857 | D19: =STDEV(B13:B19) -> 45.270347 | E19: =C19+1.5*D19 -> 155.12838 | F19: =C19-1.5*D19 -> 19.317336 | G19: =IFERROR((B19-AVERAGE($B$5:$B$313))/STDEV($B$5:$B$313),"") -> -0.44128087 | H19: =IF(ABS(G19)>2,"⚠️ ANOMALY","")
A20: 45679 | B20: =SUMPRODUCT((RawData!$A$2:$A$503=A20)*(RawData!$G$2:$G$503)) -> 218.35 | C20: =AVERAGE(B14:B20) -> 107.20143 | D20: =STDEV(B14:B20) -> 66.609136 | E20: =C20+1.5*D20 -> 207.11513 | F20: =C20-1.5*D20 -> 7.287724 | G20: =IFERROR((B20-AVERAGE($B$5:$B$313))/STDEV($B$5:$B$313),"") -> 0.27668408 | H20: =IF(ABS(G20)>2,"⚠️ ANOMALY","")
A21: 45680 | B21: =SUMPRODUCT((RawData!$A$2:$A$503=A21)*(RawData!$G$2:$G$503)) -> 149 | C21: =AVERAGE(B15:B21) -> 105.27286 | D21: =STDEV(B15:B21) -> 64.915092 | E21: =C21+1.5*D21 -> 202.6455 | F21: =C21-1.5*D21 -> 7.9002189 | G21: =IFERROR((B21-AVERAGE($B$5:$B$313))/STDEV($B$5:$B$313),"") -> -0.11194275 | H21: =IF(ABS(G21)>2,"⚠️ ANOMALY","")
A22: 45682 | B22: =SUMPRODUCT((RawData!$A$2:$A$503=A22)*(RawData!$G$2:$G$503)) -> 142.57 | C22: =AVERAGE(B16:B22) -> 120.49714 | D22: =STDEV(B16:B22) -> 58.100073 | E22: =C22+1.5*D22 -> 207.64725 | F22: =C22-1.5*D22 -> 33.347033 | G22: =IFERROR((B22-AVERAGE($B$5:$B$313))/STDEV($B$5:$B$313),"") -> -0.14797549 | H22: =IF(ABS(G22)>2,"⚠️ ANOMALY","")
... A313: 46088 | B313: =SUMPRODUCT((RawData!$A$2:$A$503=A313)*(RawData!$G$2:$G$503)) -> 185.08 | C313: =AVERAGE(B307:B313) -> 230.84143 | D313: =STDEV(B307:B313) -> 222.494 | E313: =C313+1.5*D313 -> 564.58243 | F313: =C313-1.5*D313 -> -102.89957 | G313: =IFERROR((B313-AVERAGE($B$5:$B$313))/STDEV($B$5:$B$313),"") -> 0.090244071 | H313: =IF(ABS(G313)>2,"⚠️ ANOMALY","")
A315: TABLE 2 — KPI Cards for Page 6
A316: KPI | B316: Formula | C316: Format | D316: Interpretation
A317: Total Anomaly Days (|Z|>2) | B317: =COUNTIF(P6_Anomaly_Calcs!H5:H313,"⚠️ ANOMALY") -> 24 | C317: 0 | D317: Total days where Z-score exceeded ±2
A318: Overall Mean Daily Revenue | B318: =AVERAGE(P6_Anomaly_Calcs!B5:B313) -> 168.97605 | C318: €#,##0.00 | D318: Baseline for Z-score calculation
A319: Overall StdDev Daily Revenue | B319: =STDEV(P6_Anomaly_Calcs!B5:B313) -> 178.44882 | C319: €#,##0.00 | D319: Spread of daily revenue values
A320: Max Z-Score (strongest anomaly) | B320: =MAX(P6_Anomaly_Calcs!G5:G313) -> 4.6457238 | C320: 0.00 | D320: Highest single-day Z-score spike
A321: Min Z-Score (strongest drop) | B321: =MIN(P6_Anomaly_Calcs!G5:G313) -> -0.8712641 | C321: 0.00 | D321: Most negative Z-score — biggest revenue drop
G324: 📌 SPIKE ALERT TABLES: Filter column H = '⚠️ ANOMALY' → copy those rows to a separate table. Add SKU & Channel columns using INDEX/MATCH on Date to pull top contributor per flagged day. Apply Red CF on negative Z-score rows, Green CF on positive.
